d1fcda0c72a5b5c9ffbcaae721abec24ed30501906645bc91d95447b8f638792,ec403d1e9381933f524741ac7ddf428a5befc2d3c39d260c53de8d3da096f8a9,a160b8330166061b27e664c49d628baff4e9451336fbcd00ae951039aaf7a2d7,4cca6da2ff569548f090dac0c1ffbc0bea98cc1f0a57210018495c29bef5a839,83f3da75d611414adab2d87b401ab7ba01960c3a1e6b7762fb1004f4e5a74d3c,e480e130c3d0a62fd77dd5076eb35a683192444ca1e34fead9d659bfbef9b174,d6e831befca81c68b28a8a7754194dfd5bb4ad15f241269d34a2484beb9eaa06,cd8e8932b54fed00fc8f881659268f2a872963bbf45e3b598b348fba297a8cf2,b1a5fca50d062c263940b67e553ea8ebddbcf9962a0e46507c033eaca9f8038e,8716601f73f94d1bd493b737e5c1b40a3f88395ee36e9049b0049f6f36bb4f74,74e9c9056952a6d610caa5a3c4b3f2b554d47810d8f4a4b0b90257f9c8a21593,63a35a12b8fa6851b5807d4151502aebf47dbf07ec42ed01d678cb07b933c5b1,b63bb51898a4555131dc8cb1e22b47b33060c30f4b3ce5777d186068d15e46c6,2d4ef2451c62ddf85cf807bf7a6c881677ab8114c04f0dd74d257373d41a2aee
1,31,3000.0,101,30,1,-1,"2020/1/1 0:00","2020/4/24 4:59",0,0,0,0,1
2,41,3000.0,101,40,1,-1,"2020/4/18 5:00","2020/4/24 4:59",0,0,0,0,1
3,34,3000.0,103,30,1,-1,"2020/4/23 5:00","2020/4/30 4:59",0,0,0,0,1
4,44,3000.0,103,40,1,-1,"2020/4/23 5:00","2020/4/30 4:59",0,0,0,0,1
5,45,3000.0,104,40,1,-1,"2020/4/29 5:00","2020/5/6 4:59",0,0,0,0,1
6,31,3000.0,101,30,1,-1,"2020/5/1 5:00","2020/5/7 4:59",0,0,0,0,1
7,41,3000.0,101,40,1,-1,"2020/5/1 5:00","2020/5/7 4:59",0,0,0,0,1
8,34,2000.0,103,30,1,-1,"2020/5/1 5:00","2020/5/7 4:59",0,0,0,0,1
9,44,2000.0,103,40,1,-1,"2020/5/1 5:00","2020/5/7 4:59",0,0,0,0,1
10,32,3000.0,102,30,1,-1,"2020/5/7 5:00","2020/5/12 4:59",0,0,0,0,1
11,42,3000.0,102,40,1,-1,"2020/5/7 5:00","2020/5/12 4:59",0,0,0,0,1
12,34,2000.0,103,30,1,-1,"2020/5/12 5:00","2020/5/17 4:59",0,0,0,0,1
13,44,2000.0,103,40,1,-1,"2020/5/12 5:00","2020/5/17 4:59",0,0,0,0,1
14,45,2000.0,104,40,1,-1,"2020/5/17 5:00","2020/5/25 4:59",0,0,0,0,1
15,151,2000.0,6004,80,1,-1,"2020/5/15 11:00","2020/5/26 18:59",0,0,0,0,1
16,152,2000.0,6005,80,1,-1,"2020/5/15 11:00","2020/5/26 18:59",0,0,0,0,1
17,132,3000.0,6005,30,1,-1,"2020/5/21 5:00","2020/5/26 18:59",0,0,0,0,1
18,142,3000.0,6005,40,1,-1,"2020/5/21 5:00","2020/5/26 18:59",0,0,0,0,1
19,31,2000.0,101,30,1,-1,"2020/5/25 5:00","2020/6/2 4:59",0,0,0,0,1
20,41,2000.0,101,40,1,-1,"2020/5/25 5:00","2020/6/2 4:59",0,0,0,0,1
21,32,2000.0,102,30,1,-1,"2020/6/2 5:00","2020/6/8 4:59",0,0,0,0,1
22,42,2000.0,102,40,1,-1,"2020/6/2 5:00","2020/6/8 4:59",0,0,0,0,1
23,34,2000.0,103,30,1,-1,"2020/6/6 5:00","2020/6/16 4:59",0,0,0,0,1
24,44,2000.0,103,40,1,-1,"2020/6/6 5:00","2020/6/16 4:59",0,0,0,0,1
25,151,2000.0,6004,80,1,-1,"2020/6/8 11:00","2020/6/27 23:59",0,0,0,0,1
26,152,2000.0,6005,80,1,-1,"2020/6/8 11:00","2020/6/27 23:59",0,0,0,0,1
27,131,2000.0,6004,30,1,-1,"2020/6/8 11:00","2020/6/14 4:59",0,0,0,0,1
28,141,2000.0,6004,40,1,-1,"2020/6/8 11:00","2020/6/14 4:59",0,0,0,0,1
29,132,2000.0,6005,30,1,-1,"2020/6/8 11:00","2020/6/14 4:59",0,0,0,0,1
30,142,2000.0,6005,40,1,-1,"2020/6/8 11:00","2020/6/14 4:59",0,0,0,0,1
31,45,2000.0,104,40,1,-1,"2020/6/15 5:00","2020/6/26 4:59",0,0,0,0,1
32,31,2000.0,101,30,1,-1,"2020/6/25 5:00","2020/7/1 4:59",0,0,0,0,1
33,41,2000.0,101,40,1,-1,"2020/6/25 5:00","2020/7/1 4:59",0,0,0,0,1
34,32,2000.0,102,30,1,-1,"2020/7/1 5:00","2020/7/6 4:59",0,0,0,0,1
35,42,2000.0,102,40,1,-1,"2020/7/1 5:00","2020/7/6 4:59",0,0,0,0,1
36,34,2000.0,103,30,1,-1,"2020/7/6 5:00","2020/7/16 4:59",0,0,0,0,1
37,44,2000.0,103,40,1,-1,"2020/7/6 5:00","2020/7/16 4:59",0,0,0,0,1
38,45,2000.0,104,40,1,-1,"2020/7/13 5:00","2020/7/24 4:59",0,0,0,0,1
39,151,2000.0,6004,80,1,-1,"2020/7/6 11:00","2020/7/25 23:59",0,0,0,0,1
40,152,2000.0,6005,80,1,-1,"2020/7/6 11:00","2020/7/25 23:59",0,0,0,0,1
41,131,2000.0,6004,30,1,-1,"2020/7/6 11:00","2020/7/10 4:59",0,0,0,0,1
42,141,2000.0,6004,40,1,-1,"2020/7/6 11:00","2020/7/10 4:59",0,0,0,0,1
43,132,2000.0,6005,30,1,-1,"2020/7/6 11:00","2020/7/10 4:59",0,0,0,0,1
44,142,2000.0,6005,40,1,-1,"2020/7/6 11:00","2020/7/10 4:59",0,0,0,0,1
45,31,2000.0,101,30,1,-1,"2020/7/23 5:00","2020/7/29 4:59",0,0,0,0,1
46,41,2000.0,101,40,1,-1,"2020/7/23 5:00","2020/7/29 4:59",0,0,0,0,1
47,32,2000.0,102,30,1,-1,"2020/7/29 5:00","2020/8/4 4:59",0,0,0,0,1
48,42,2000.0,102,40,1,-1,"2020/7/29 5:00","2020/8/4 4:59",0,0,0,0,1
49,34,2000.0,103,30,1,-1,"2020/8/2 5:00","2020/8/12 4:59",0,0,0,0,1
50,44,2000.0,103,40,1,-1,"2020/8/2 5:00","2020/8/12 4:59",0,0,0,0,1
51,151,2000.0,6004,80,1,-1,"2020/8/3 11:00","2020/8/22 23:59",0,0,0,0,1
52,152,2000.0,6005,80,1,-1,"2020/8/3 11:00","2020/8/22 23:59",0,0,0,0,1
53,131,2000.0,6004,30,1,-1,"2020/8/3 11:00","2020/8/7 4:59",0,0,0,0,1
54,141,2000.0,6004,40,1,-1,"2020/8/3 11:00","2020/8/7 4:59",0,0,0,0,1
55,132,2000.0,6005,30,1,-1,"2020/8/3 11:00","2020/8/7 4:59",0,0,0,0,1
56,142,2000.0,6005,40,1,-1,"2020/8/3 11:00","2020/8/7 4:59",0,0,0,0,1
57,45,2000.0,104,40,1,-1,"2020/8/11 5:00","2020/8/21 4:59",0,0,0,0,1
58,34,3000.0,103,30,1,-1,"2020/8/13 5:00","2020/8/19 4:59",0,0,0,0,1
59,44,3000.0,103,40,1,-1,"2020/8/13 5:00","2020/8/19 4:59",0,0,0,0,1
60,31,3000.0,101,30,1,-1,"2020/8/19 5:00","2020/8/24 4:59",0,0,0,0,1
61,41,3000.0,101,40,1,-1,"2020/8/19 5:00","2020/8/24 4:59",0,0,0,0,1
62,32,3000.0,102,30,1,-1,"2020/8/24 5:00","2020/8/30 4:59",0,0,0,0,1
63,42,3000.0,102,40,1,-1,"2020/8/24 5:00","2020/8/30 4:59",0,0,0,0,1
64,34,2000.0,103,30,1,-1,"2020/8/30 5:00","2020/9/8 4:59",0,0,0,0,1
65,44,2000.0,103,40,1,-1,"2020/8/30 5:00","2020/9/8 4:59",0,0,0,0,1
66,151,2000.0,6004,80,1,-1,"2020/8/30 11:00","2020/9/19 23:59",0,0,0,0,1
67,152,2000.0,6005,80,1,-1,"2020/8/30 11:00","2020/9/19 23:59",0,0,0,0,1
68,131,2000.0,6004,30,1,-1,"2020/8/30 11:00","2020/9/3 4:59",0,0,0,0,1
69,141,2000.0,6004,40,1,-1,"2020/8/30 11:00","2020/9/3 4:59",0,0,0,0,1
70,132,2000.0,6005,30,1,-1,"2020/8/30 11:00","2020/9/3 4:59",0,0,0,0,1
71,142,2000.0,6005,40,1,-1,"2020/8/30 11:00","2020/9/3 4:59",0,0,0,0,1
72,45,2000.0,104,40,1,-1,"2020/9/8 5:00","2020/9/17 4:59",0,0,0,0,1
73,31,2000.0,101,30,1,-1,"2020/9/17 5:00","2020/9/22 4:59",0,0,0,0,1
74,41,2000.0,101,40,1,-1,"2020/9/17 5:00","2020/9/22 4:59",0,0,0,0,1
75,32,2000.0,102,30,1,-1,"2020/9/22 5:00","2020/9/28 4:59",0,0,0,0,1
76,42,2000.0,102,40,1,-1,"2020/9/22 5:00","2020/9/28 4:59",0,0,0,0,1
77,34,2000.0,103,30,1,-1,"2020/9/28 5:00","2020/10/8 4:59",0,0,0,0,1
78,44,2000.0,103,40,1,-1,"2020/9/28 5:00","2020/10/8 4:59",0,0,0,0,1
79,151,2000.0,6004,80,1,-1,"2020/9/28 9:00","2020/10/17 23:59",0,0,0,0,1
80,152,2000.0,6005,80,1,-1,"2020/9/28 9:00","2020/10/17 23:59",0,0,0,0,1
81,131,2000.0,6004,30,1,-1,"2020/9/28 9:00","2020/10/1 4:59",0,0,0,0,1
82,141,2000.0,6004,40,1,-1,"2020/9/28 9:00","2020/10/1 4:59",0,0,0,0,1
83,132,2000.0,6005,30,1,-1,"2020/9/28 9:00","2020/10/1 4:59",0,0,0,0,1
84,142,2000.0,6005,40,1,-1,"2020/9/28 9:00","2020/10/1 4:59",0,0,0,0,1
85,37,2000.0,109,30,1,-1,"2020/10/1 5:00","2020/10/8 4:59",0,0,0,0,1
86,45,2000.0,104,40,1,-1,"2020/10/8 5:00","2020/10/17 4:59",0,0,0,0,1
87,31,3000.0,101,30,1,-1,"2020/10/15 5:00","2020/10/20 4:59",0,0,0,0,1
88,41,3000.0,101,40,1,-1,"2020/10/15 5:00","2020/10/20 4:59",0,0,0,0,1
89,32,3000.0,102,30,1,-1,"2020/10/20 5:00","2020/10/26 4:59",0,0,0,0,1
90,42,3000.0,102,40,1,-1,"2020/10/20 5:00","2020/10/26 4:59",0,0,0,0,1
91,34,3000.0,103,30,1,-1,"2020/10/26 5:00","2020/11/6 4:59",0,0,0,0,1
92,44,3000.0,103,40,1,-1,"2020/10/26 5:00","2020/11/6 4:59",0,0,0,0,1
93,151,2000.0,6004,80,1,-1,"2020/10/26 11:00","2020/11/14 23:59",0,0,0,0,1
94,152,2000.0,6005,80,1,-1,"2020/10/26 11:00","2020/11/14 23:59",0,0,0,0,1
95,131,2000.0,6004,30,1,-1,"2020/10/26 11:00","2020/10/29 4:59",0,0,0,0,1
96,141,2000.0,6004,40,1,-1,"2020/10/26 11:00","2020/10/29 4:59",0,0,0,0,1
97,132,2000.0,6005,30,1,-1,"2020/10/26 11:00","2020/10/29 4:59",0,0,0,0,1
98,142,2000.0,6005,40,1,-1,"2020/10/26 11:00","2020/10/29 4:59",0,0,0,0,1
99,31,2000.0,101,30,1,-1,"2020/11/1 5:00","2020/11/6 4:59",0,0,0,0,1
100,41,2000.0,101,40,1,-1,"2020/11/1 5:00","2020/11/6 4:59",0,0,0,0,1
101,45,2000.0,104,40,1,-1,"2020/11/6 5:00","2020/11/16 4:59",0,0,0,0,1
102,31,2000.0,101,30,1,-1,"2020/11/12 5:00","2020/11/17 4:59",0,0,0,0,1
103,41,2000.0,101,40,1,-1,"2020/11/12 5:00","2020/11/17 4:59",0,0,0,0,1
104,32,2000.0,102,30,1,-1,"2020/11/17 5:00","2020/11/23 4:59",0,0,0,0,1
105,42,2000.0,102,40,1,-1,"2020/11/17 5:00","2020/11/23 4:59",0,0,0,0,1
106,34,2000.0,103,30,1,-1,"2020/11/23 5:00","2020/12/3 4:59",0,0,0,0,1
107,44,2000.0,103,40,1,-1,"2020/11/23 5:00","2020/12/3 4:59",0,0,0,0,1
108,151,2000.0,6004,80,1,-1,"2020/11/23 11:00","2020/12/7 23:59",0,0,0,0,1
109,152,2000.0,6005,80,1,-1,"2020/11/23 11:00","2020/12/7 23:59",0,0,0,0,1
110,45,2000.0,104,40,1,-1,"2020/12/3 5:00","2020/12/13 4:59",0,0,0,0,1
111,31,2000.0,101,30,1,-1,"2020/12/10 5:00","2020/12/15 4:59",0,0,0,0,1
112,41,2000.0,101,40,1,-1,"2020/12/10 5:00","2020/12/15 4:59",0,0,0,0,1
113,32,2000.0,102,30,1,-1,"2020/12/15 5:00","2020/12/20 4:59",0,0,0,0,1
114,42,2000.0,102,40,1,-1,"2020/12/15 5:00","2020/12/20 4:59",0,0,0,0,1
115,34,2000.0,103,30,1,-1,"2020/12/20 5:00","2020/12/30 4:59",0,0,0,0,1
116,44,2000.0,103,40,1,-1,"2020/12/20 5:00","2020/12/30 4:59",0,0,0,0,1
117,45,2000.0,104,40,1,-1,"2020/12/30 5:00","2021/1/9 4:59",0,0,0,0,1
118,151,2000.0,6004,80,1,-1,"2020/12/20 11:00","2021/1/3 23:59",0,0,0,0,1
119,152,2000.0,6005,80,1,-1,"2020/12/20 11:00","2021/1/3 23:59",0,0,0,0,1
120,31,2000.0,101,30,1,-1,"2021/1/9 5:00","2021/1/14 4:59",0,0,0,0,1
121,41,2000.0,101,40,1,-1,"2021/1/9 5:00","2021/1/14 4:59",0,0,0,0,1
122,32,2000.0,102,30,1,-1,"2021/1/14 5:00","2021/1/19 4:59",0,0,0,0,1
123,42,2000.0,102,40,1,-1,"2021/1/14 5:00","2021/1/19 4:59",0,0,0,0,1
124,151,2000.0,6004,80,1,-1,"2021/1/18 9:00","2021/2/1 23:59",0,0,0,0,1
125,152,2000.0,6005,80,1,-1,"2021/1/18 9:00","2021/2/1 23:59",0,0,0,0,1
126,34,2000.0,103,30,1,-1,"2021/1/19 5:00","2021/1/29 4:59",0,0,0,0,1
127,44,2000.0,103,40,1,-1,"2021/1/19 5:00","2021/1/29 4:59",0,0,0,0,1
128,45,2000.0,104,40,1,-1,"2021/1/29 5:00","2021/2/8 4:59",0,0,0,0,1
129,31,2000.0,101,30,1,-1,"2021/1/27 5:00","2021/2/2 4:59",0,0,0,0,1
130,41,2000.0,101,40,1,-1,"2021/1/27 5:00","2021/2/2 4:59",0,0,0,0,1
131,31,3000.0,101,30,1,-1,"2021/2/2 5:00","2021/2/10 4:59",0,0,0,0,1
132,41,3000.0,101,40,1,-1,"2021/2/2 5:00","2021/2/10 4:59",0,0,0,0,1
133,32,3000.0,102,30,1,-1,"2021/2/10 5:00","2021/2/14 4:59",0,0,0,0,1
134,42,3000.0,102,40,1,-1,"2021/2/10 5:00","2021/2/14 4:59",0,0,0,0,1
135,34,3000.0,103,30,1,-1,"2021/2/11 5:00","2021/2/21 4:59",0,0,0,0,1
136,44,3000.0,103,40,1,-1,"2021/2/11 5:00","2021/2/21 4:59",0,0,0,0,1
137,31,2000.0,101,30,1,-1,"2021/2/21 5:00","2021/2/26 4:59",0,0,0,0,1
138,41,2000.0,101,40,1,-1,"2021/2/21 5:00","2021/2/26 4:59",0,0,0,0,1
139,31,3000.0,101,30,1,-1,"2021/2/26 5:00","2021/3/9 4:59",0,0,0,0,1
140,41,3000.0,101,40,1,-1,"2021/2/26 5:00","2021/3/9 4:59",0,0,0,0,1
141,45,2000.0,104,40,1,-1,"2021/2/22 5:00","2021/3/4 4:59",0,0,0,0,1
142,151,2000.0,6004,80,1,-1,"2021/2/14 11:00","2021/2/28 23:59",0,0,0,0,1
143,152,2000.0,6005,80,1,-1,"2021/2/14 11:00","2021/2/28 23:59",0,0,0,0,1
144,32,3000.0,102,30,1,-1,"2021/3/9 5:00","2021/3/15 4:59",0,0,0,0,1
145,42,3000.0,102,40,1,-1,"2021/3/9 5:00","2021/3/15 4:59",0,0,0,0,1
146,34,2000.0,103,30,1,-1,"2021/3/15 5:00","2021/3/25 4:59",0,0,0,0,1
147,44,2000.0,103,40,1,-1,"2021/3/15 5:00","2021/3/25 4:59",0,0,0,0,1
148,45,2000.0,104,40,1,-1,"2021/3/25 5:00","2021/4/4 4:59",0,0,0,0,1
149,151,2000.0,6004,80,1,-1,"2021/3/15 11:00","2021/3/29 23:59",0,0,0,0,1
150,152,2000.0,6005,80,1,-1,"2021/3/15 11:00","2021/3/29 23:59",0,0,0,0,1
151,34,2000.0,103,30,1,-1,"2021/4/1 5:00","2021/4/6 4:59",0,0,0,0,1
152,44,2000.0,103,40,1,-1,"2021/4/1 5:00","2021/4/6 4:59",0,0,0,0,1
153,34,2000.0,103,30,1,-1,"2021/4/17 5:00","2021/4/27 4:59",0,0,0,0,1
154,44,2000.0,103,40,1,-1,"2021/4/17 5:00","2021/4/27 4:59",0,0,0,0,1
155,31,2000.0,101,30,1,-1,"2021/4/1 5:00","2021/4/8 4:59",0,0,0,0,1
156,41,2000.0,101,40,1,-1,"2021/4/1 5:00","2021/4/8 4:59",0,0,0,0,1
157,37,2000.0,109,30,1,-1,"2021/4/8 5:00","2021/4/13 4:59",0,0,0,0,1
158,32,2000.0,102,30,1,-1,"2021/4/8 5:00","2021/4/13 4:59",0,0,0,0,1
159,42,2000.0,102,40,1,-1,"2021/4/8 5:00","2021/4/13 4:59",0,0,0,0,1
160,31,2000.0,101,30,1,-1,"2021/4/13 5:00","2021/4/17 4:59",0,0,0,0,1
161,41,2000.0,101,40,1,-1,"2021/4/13 5:00","2021/4/17 4:59",0,0,0,0,1
162,45,2000.0,104,40,1,-1,"2021/4/22 5:00","2021/5/2 4:59",0,0,0,0,1
163,31,2000.0,101,30,1,-1,"2021/4/22 5:00","2021/4/25 4:59",0,0,0,0,1
164,41,2000.0,101,40,1,-1,"2021/4/22 5:00","2021/4/25 4:59",0,0,0,0,1
165,37,2000.0,109,30,1,-1,"2021/4/25 5:00","2021/4/29 4:59",0,0,0,0,1
166,151,2000.0,6004,80,1,-1,"2021/4/17 9:00","2021/5/1 23:59",0,0,0,0,1
167,152,2000.0,6005,80,1,-1,"2021/4/17 9:00","2021/5/1 23:59",0,0,0,0,1
168,31,3000.0,101,30,1,-1,"2021/5/2 5:00","2021/5/7 4:59",0,0,0,0,1
169,41,3000.0,101,40,1,-1,"2021/5/2 5:00","2021/5/7 4:59",0,0,0,0,1
170,34,2000.0,103,30,1,-1,"2021/5/7 5:00","2021/5/11 4:59",0,0,0,0,1
171,44,2000.0,103,40,1,-1,"2021/5/7 5:00","2021/5/11 4:59",0,0,0,0,1
172,32,3000.0,102,30,1,-1,"2021/5/7 5:00","2021/5/12 4:59",0,0,0,0,1
173,42,3000.0,102,40,1,-1,"2021/5/7 5:00","2021/5/12 4:59",0,0,0,0,1
174,31,2000.0,101,30,1,-1,"2021/5/12 5:00","2021/5/15 4:59",0,0,0,0,1
175,41,2000.0,101,40,1,-1,"2021/5/12 5:00","2021/5/15 4:59",0,0,0,0,1
176,34,2000.0,103,30,1,-1,"2021/5/15 5:00","2021/5/20 4:59",0,0,0,0,1
177,44,2000.0,103,40,1,-1,"2021/5/15 5:00","2021/5/20 4:59",0,0,0,0,1
178,32,2000.0,102,30,1,-1,"2021/5/15 5:00","2021/5/22 4:59",0,0,0,0,1
179,42,2000.0,102,40,1,-1,"2021/5/15 5:00","2021/5/22 4:59",0,0,0,0,1
180,251,2000.0,7004,80,1,-1,"2021/5/4 11:00","2021/5/11 23:59",0,0,0,0,1
181,252,2000.0,7005,80,1,-1,"2021/5/4 11:00","2021/5/11 23:59",0,0,0,0,1
182,151,2000.0,6004,80,1,-1,"2021/5/15 9:00","2021/5/27 23:59",0,0,0,0,1
183,152,2000.0,6005,80,1,-1,"2021/5/15 9:00","2021/5/27 23:59",0,0,0,0,1
184,45,2000.0,104,40,1,-1,"2021/5/20 5:00","2021/5/25 4:59",0,0,0,0,1
185,34,2000.0,103,30,1,-1,"2021/5/25 5:00","2021/5/29 4:59",0,0,0,0,1
186,44,2000.0,103,40,1,-1,"2021/5/25 5:00","2021/5/29 4:59",0,0,0,0,1
187,31,2000.0,101,30,1,-1,"2021/5/25 5:00","2021/5/28 4:59",0,0,0,0,1
188,41,2000.0,101,40,1,-1,"2021/5/25 5:00","2021/5/28 4:59",0,0,0,0,1
189,37,2000.0,109,30,1,-1,"2021/5/28 5:00","2021/6/1 4:59",0,0,0,0,1
190,34,2000.0,103,30,1,-1,"2021/5/31 5:00","2021/6/5 4:59",0,0,0,0,1
191,44,2000.0,103,40,1,-1,"2021/5/31 5:00","2021/6/5 4:59",0,0,0,0,1
192,31,2000.0,101,30,1,-1,"2021/6/1 5:00","2021/6/8 4:59",0,0,0,0,1
193,41,2000.0,101,40,1,-1,"2021/6/1 5:00","2021/6/8 4:59",0,0,0,0,1
194,45,2000.0,104,40,1,-1,"2021/5/29 5:00","2021/6/8 4:59",0,0,0,0,1
195,251,2000.0,7004,80,1,-1,"2021/5/28 9:00","2021/6/4 23:59",0,0,0,0,1
196,252,2000.0,7005,80,1,-1,"2021/5/28 9:00","2021/6/4 23:59",0,0,0,0,1
197,32,2000.0,102,30,1,-1,"2021/6/8 5:00","2021/6/14 4:59",0,0,0,0,1
198,42,2000.0,102,40,1,-1,"2021/6/8 5:00","2021/6/14 4:59",0,0,0,0,1
199,34,2000.0,103,30,1,-1,"2021/6/14 5:00","2021/6/25 4:59",0,0,0,0,1
200,44,2000.0,103,40,1,-1,"2021/6/14 5:00","2021/6/25 4:59",0,0,0,0,1
201,31,2000.0,101,30,1,-1,"2021/6/19 5:00","2021/6/23 4:59",0,0,0,0,1
202,41,2000.0,101,40,1,-1,"2021/6/19 5:00","2021/6/23 4:59",0,0,0,0,1
203,31,2000.0,101,30,1,-1,"2021/6/26 5:00","2021/7/4 4:59",0,0,0,0,1
204,41,2000.0,101,40,1,-1,"2021/6/26 5:00","2021/7/4 4:59",0,0,0,0,1
205,45,2000.0,104,40,1,-1,"2021/6/23 5:00","2021/7/3 4:59",0,0,0,0,1
206,34,2000.0,103,30,1,-1,"2021/6/27 5:00","2021/7/1 4:59",0,0,0,0,1
207,44,2000.0,103,40,1,-1,"2021/6/27 5:00","2021/7/1 4:59",0,0,0,0,1
208,151,2000.0,6004,80,1,-1,"2021/6/14 11:00","2021/6/26 23:59",0,0,0,0,1
209,152,2000.0,6005,80,1,-1,"2021/6/14 11:00","2021/6/26 23:59",0,0,0,0,1
210,37,2000.0,109,30,1,-1,"2021/7/3 5:00","2021/7/9 4:59",0,0,0,0,1
211,32,2000.0,102,30,1,-1,"2021/7/3 5:00","2021/7/9 4:59",0,0,0,0,1
212,42,2000.0,102,40,1,-1,"2021/7/3 5:00","2021/7/9 4:59",0,0,0,0,1
213,31,2000.0,101,30,1,-1,"2021/7/9 5:00","2021/7/12 4:59",0,0,0,0,1
214,41,2000.0,101,40,1,-1,"2021/7/9 5:00","2021/7/12 4:59",0,0,0,0,1
215,34,2000.0,103,30,1,-1,"2021/7/12 5:00","2021/7/18 4:59",0,0,0,0,1
216,44,2000.0,103,40,1,-1,"2021/7/12 5:00","2021/7/18 4:59",0,0,0,0,1
217,251,2000.0,7004,80,1,-1,"2021/6/28 9:00","2021/7/5 23:59",0,0,0,0,1
218,252,2000.0,7005,80,1,-1,"2021/6/28 9:00","2021/7/5 23:59",0,0,0,0,1
219,31,2000.0,101,30,1,-1,"2021/7/15 5:00","2021/7/20 4:59",0,0,0,0,1
220,41,2000.0,101,40,1,-1,"2021/7/15 5:00","2021/7/20 4:59",0,0,0,0,1
221,37,2000.0,109,30,1,-1,"2021/7/20 5:00","2021/7/24 4:59",0,0,0,0,1
222,45,2000.0,104,40,1,-1,"2021/7/22 5:00","2021/8/1 4:59",0,0,0,0,1
223,151,2000.0,6004,80,1,-1,"2021/7/12 11:00","2021/7/26 23:59",0,0,0,0,1
224,152,2000.0,6005,80,1,-1,"2021/7/12 11:00","2021/7/26 23:59",0,0,0,0,1
225,34,2000.0,103,30,1,-1,"2021/7/24 5:00","2021/8/2 4:59",0,0,0,0,1
226,44,2000.0,103,40,1,-1,"2021/7/24 5:00","2021/8/2 4:59",0,0,0,0,1
227,31,2000.0,101,30,1,-1,"2021/7/24 5:00","2021/7/31 4:59",0,0,0,0,1
228,41,2000.0,101,40,1,-1,"2021/7/24 5:00","2021/7/31 4:59",0,0,0,0,1
229,32,2000.0,102,30,1,-1,"2021/7/31 5:00","2021/8/6 4:59",0,0,0,0,1
230,42,2000.0,102,40,1,-1,"2021/7/31 5:00","2021/8/6 4:59",0,0,0,0,1
231,37,2000.0,109,30,1,-1,"2021/8/3 5:00","2021/8/6 4:59",0,0,0,0,1
232,31,2000.0,101,30,1,-1,"2021/8/6 5:00","2021/8/9 4:59",0,0,0,0,1
233,41,2000.0,101,40,1,-1,"2021/8/6 5:00","2021/8/9 4:59",0,0,0,0,1
234,34,2000.0,103,30,1,-1,"2021/8/9 5:00","2021/8/15 4:59",0,0,0,0,1
235,44,2000.0,103,40,1,-1,"2021/8/9 5:00","2021/8/15 4:59",0,0,0,0,1
236,251,2000.0,7004,80,1,-1,"2021/7/27 9:00","2021/8/3 23:59",0,0,0,0,1
237,252,2000.0,7005,80,1,-1,"2021/7/27 9:00","2021/8/3 23:59",0,0,0,0,1
238,31,2000.0,101,30,1,-1,"2021/8/15 5:00","2021/8/20 4:59",0,0,0,0,1
239,41,2000.0,101,40,1,-1,"2021/8/15 5:00","2021/8/20 4:59",0,0,0,0,1
240,45,2000.0,104,40,1,-1,"2021/8/20 5:00","2021/8/30 4:59",0,0,0,0,1
241,34,2000.0,103,30,1,-1,"2021/8/21 5:00","2021/8/25 4:59",0,0,0,0,1
242,44,2000.0,103,40,1,-1,"2021/8/21 5:00","2021/8/25 4:59",0,0,0,0,1
243,31,3000.0,101,30,1,-1,"2021/8/21 5:00","2021/8/28 4:59",0,0,0,0,1
244,41,3000.0,101,40,1,-1,"2021/8/21 5:00","2021/8/28 4:59",0,0,0,0,1
245,151,2000.0,6004,80,1,-1,"2021/8/9 11:00","2021/8/22 23:59",0,0,0,0,1
246,152,2000.0,6005,80,1,-1,"2021/8/9 11:00","2021/8/22 23:59",0,0,0,0,1
247,37,2000.0,109,30,1,-1,"2021/8/28 5:00","2021/9/3 4:59",0,0,0,0,1
248,32,3000.0,102,30,1,-1,"2021/8/28 5:00","2021/9/3 4:59",0,0,0,0,1
249,42,3000.0,102,40,1,-1,"2021/8/28 5:00","2021/9/3 4:59",0,0,0,0,1
250,31,2000.0,101,30,1,-1,"2021/9/3 5:00","2021/9/6 4:59",0,0,0,0,1
251,41,2000.0,101,40,1,-1,"2021/9/3 5:00","2021/9/6 4:59",0,0,0,0,1
252,34,2000.0,103,30,1,-1,"2021/9/6 5:00","2021/9/12 4:59",0,0,0,0,1
253,44,2000.0,103,40,1,-1,"2021/9/6 5:00","2021/9/12 4:59",0,0,0,0,1
254,91,2000.0,101,100,1,-1,"2021/9/6 5:00","2021/9/10 4:59",0,0,0,0,1
255,92,2000.0,102,100,1,-1,"2021/9/6 5:00","2021/9/10 4:59",0,0,0,0,1
256,93,2000.0,111,100,1,-1,"2021/9/6 9:00","2021/9/10 4:59",0,0,0,0,1
257,94,2000.0,109,100,1,-1,"2021/9/6 5:00","2021/9/10 4:59",0,0,0,0,1
258,95,2000.0,112,100,1,-1,"2021/9/6 9:00","2021/9/10 4:59",0,0,0,0,1
259,96,2000.0,6004,100,1,-1,"2021/9/6 9:00","2021/9/10 4:59",0,0,0,0,1
260,97,2000.0,6005,100,1,-1,"2021/9/6 9:00","2021/9/10 4:59",0,0,0,0,1
261,251,2000.0,7004,80,1,-1,"2021/8/23 11:00","2021/8/30 23:59",0,0,0,0,1
262,252,2000.0,7005,80,1,-1,"2021/8/23 11:00","2021/8/30 23:59",0,0,0,0,1
263,31,2000.0,101,30,1,-1,"2021/9/9 5:00","2021/9/14 4:59",0,0,0,0,1
264,41,2000.0,101,40,1,-1,"2021/9/9 5:00","2021/9/14 4:59",0,0,0,0,1
265,37,2000.0,109,30,1,-1,"2021/9/14 5:00","2021/9/19 4:59",0,0,0,0,1
266,45,2000.0,104,40,1,-1,"2021/9/16 5:00","2021/9/25 4:59",0,0,0,0,1
267,34,2000.0,103,30,1,-1,"2021/9/17 5:00","2021/9/24 4:59",0,0,0,0,1
268,44,2000.0,103,40,1,-1,"2021/9/17 5:00","2021/9/24 4:59",0,0,0,0,1
269,31,2000.0,101,30,1,-1,"2021/9/19 5:00","2021/9/25 4:59",0,0,0,0,1
270,41,2000.0,101,40,1,-1,"2021/9/19 5:00","2021/9/25 4:59",0,0,0,0,1
271,151,2000.0,6004,80,1,-1,"2021/9/6 9:00","2021/9/20 23:59",0,0,0,0,1
272,152,2000.0,6005,80,1,-1,"2021/9/6 9:00","2021/9/20 23:59",0,0,0,0,1
273,38,2000.0,112,30,1,-1,"2021/9/14 5:00","2021/9/19 4:59",0,0,0,0,1
274,32,2000.0,102,30,1,-1,"2021/9/25 5:00","2021/10/1 4:59",0,0,0,0,1
275,42,2000.0,102,40,1,-1,"2021/9/25 5:00","2021/10/1 4:59",0,0,0,0,1
276,31,2000.0,101,30,1,-1,"2021/10/1 5:00","2021/10/4 4:59",0,0,0,0,1
277,41,2000.0,101,40,1,-1,"2021/10/1 5:00","2021/10/4 4:59",0,0,0,0,1
278,37,2000.0,109,30,1,-1,"2021/9/30 5:00","2021/10/3 4:59",0,0,0,0,1
279,38,2000.0,112,30,1,-1,"2021/9/30 5:00","2021/10/3 4:59",0,0,0,0,1
280,34,2000.0,103,30,1,-1,"2021/10/4 5:00","2021/10/10 4:59",0,0,0,0,1
281,44,2000.0,103,40,1,-1,"2021/10/4 5:00","2021/10/10 4:59",0,0,0,0,1
282,251,2000.0,7004,80,1,-1,"2021/9/21 11:00","2021/9/28 23:59",0,0,0,0,1
283,252,2000.0,7005,80,1,-1,"2021/9/21 11:00","2021/9/28 23:59",0,0,0,0,1
284,31,2000.0,101,30,1,-1,"2021/10/8 5:00","2021/10/13 4:59",0,0,0,0,1
285,41,2000.0,101,40,1,-1,"2021/10/8 5:00","2021/10/13 4:59",0,0,0,0,1
286,37,2000.0,109,30,1,-1,"2021/10/13 5:00","2021/10/18 4:59",0,0,0,0,1
287,38,2000.0,112,30,1,-1,"2021/10/13 5:00","2021/10/18 4:59",0,0,0,0,1
288,45,2000.0,104,40,1,-1,"2021/10/13 5:00","2021/10/22 4:59",0,0,0,0,1
289,151,2000.0,6004,80,1,-1,"2021/10/4 11:00","2021/10/18 23:59",0,0,0,0,1
290,152,2000.0,6005,80,1,-1,"2021/10/4 11:00","2021/10/18 23:59",0,0,0,0,1
291,34,2000.0,103,30,1,-1,"2021/10/16 5:00","2021/10/23 4:59",0,0,0,0,1
292,44,2000.0,103,40,1,-1,"2021/10/16 5:00","2021/10/23 4:59",0,0,0,0,1
293,31,2000.0,101,30,1,-1,"2021/10/18 5:00","2021/10/24 4:59",0,0,0,0,1
294,41,2000.0,101,40,1,-1,"2021/10/18 5:00","2021/10/24 4:59",0,0,0,0,1
295,32,2000.0,102,30,1,-1,"2021/10/24 5:00","2021/10/30 4:59",0,0,0,0,1
296,42,2000.0,102,40,1,-1,"2021/10/24 5:00","2021/10/30 4:59",0,0,0,0,1
297,37,2000.0,109,30,1,-1,"2021/10/27 5:00","2021/10/30 4:59",0,0,0,0,1
298,38,2000.0,112,30,1,-1,"2021/10/27 5:00","2021/10/30 4:59",0,0,0,0,1
299,31,2000.0,101,30,1,-1,"2021/10/28 5:00","2021/11/1 4:59",0,0,0,0,1
300,41,2000.0,101,40,1,-1,"2021/10/28 5:00","2021/11/1 4:59",0,0,0,0,1
301,34,2000.0,103,30,1,-1,"2021/11/1 5:00","2021/11/7 4:59",0,0,0,0,1
302,44,2000.0,103,40,1,-1,"2021/11/1 5:00","2021/11/7 4:59",0,0,0,0,1
303,251,2000.0,7004,80,1,-1,"2021/10/19 11:00","2021/10/26 23:59",0,0,0,0,1
304,252,2000.0,7005,80,1,-1,"2021/10/19 11:00","2021/10/26 23:59",0,0,0,0,1
305,151,2000.0,6004,80,1,-1,"2021/11/1 11:00","2021/11/15 23:59",0,0,0,0,1
306,152,2000.0,6005,80,1,-1,"2021/11/1 11:00","2021/11/15 23:59",0,0,0,0,1
307,31,2000.0,101,30,1,-1,"2021/11/6 5:00","2021/11/11 4:59",0,0,0,0,1
308,41,2000.0,101,40,1,-1,"2021/11/6 5:00","2021/11/11 4:59",0,0,0,0,1
309,37,2000.0,109,30,1,-1,"2021/11/11 5:00","2021/11/16 4:59",0,0,0,0,1
310,38,2000.0,112,30,1,-1,"2021/11/11 5:00","2021/11/16 4:59",0,0,0,0,1
311,45,2000.0,104,40,1,-1,"2021/11/11 5:00","2021/11/20 4:59",0,0,0,0,1
312,31,2000.0,101,30,1,-1,"2021/11/15 5:00","2021/11/20 4:59",0,0,0,0,1
313,41,2000.0,101,40,1,-1,"2021/11/15 5:00","2021/11/20 4:59",0,0,0,0,1
314,34,2000.0,103,30,1,-1,"2021/11/15 5:00","2021/11/22 4:59",0,0,0,0,1
315,44,2000.0,103,40,1,-1,"2021/11/15 5:00","2021/11/22 4:59",0,0,0,0,1
316,32,2000.0,102,30,1,-1,"2021/11/20 5:00","2021/11/26 4:59",0,0,0,0,1
317,42,2000.0,102,40,1,-1,"2021/11/20 5:00","2021/11/26 4:59",0,0,0,0,1
318,37,2000.0,109,30,1,-1,"2021/11/22 5:00","2021/11/26 4:59",0,0,0,0,1
319,38,2000.0,112,30,1,-1,"2021/11/22 5:00","2021/11/26 4:59",0,0,0,0,1
320,31,2000.0,101,30,1,-1,"2021/11/26 5:00","2021/11/30 4:59",0,0,0,0,1
321,41,2000.0,101,40,1,-1,"2021/11/26 5:00","2021/11/30 4:59",0,0,0,0,1
322,34,2000.0,103,30,1,-1,"2021/11/30 5:00","2021/12/6 4:59",0,0,0,0,1
323,44,2000.0,103,40,1,-1,"2021/11/30 5:00","2021/12/6 4:59",0,0,0,0,1
324,81,2000.0,101,80,1,-1,"2021/11/30 5:00","2021/12/31 4:59",0,0,0,0,1
325,82,2000.0,102,80,1,-1,"2021/11/30 5:00","2021/12/31 4:59",0,0,0,0,1
326,83,2000.0,111,80,1,-1,"2021/11/30 5:00","2021/12/31 4:59",0,0,0,0,1
327,84,2000.0,109,80,1,-1,"2021/11/30 5:00","2021/12/31 4:59",0,0,0,0,1
328,85,2000.0,112,80,1,-1,"2021/11/30 5:00","2021/12/31 4:59",0,0,0,0,1
329,251,2000.0,7004,80,1,-1,"2021/11/16 11:00","2021/11/23 23:59",0,0,0,0,1
330,252,2000.0,7005,80,1,-1,"2021/11/16 11:00","2021/11/23 23:59",0,0,0,0,1
331,31,2000.0,101,30,1,-1,"2021/12/4 5:00","2021/12/11 4:59",0,0,0,0,1
332,41,2000.0,101,40,1,-1,"2021/12/4 5:00","2021/12/11 4:59",0,0,0,0,1
333,45,2000.0,104,40,1,-1,"2021/12/10 5:00","2021/12/19 4:59",0,0,0,0,1
334,37,2000.0,109,30,1,-1,"2021/12/11 5:00","2021/12/16 4:59",0,0,0,0,1
335,38,2000.0,112,30,1,-1,"2021/12/11 5:00","2021/12/16 4:59",0,0,0,0,1
336,34,2000.0,103,30,1,-1,"2021/12/14 5:00","2021/12/22 4:59",0,0,0,0,1
337,44,2000.0,103,40,1,-1,"2021/12/14 5:00","2021/12/22 4:59",0,0,0,0,1
338,31,2000.0,101,30,1,-1,"2021/12/16 5:00","2021/12/23 4:59",0,0,0,0,1
339,41,2000.0,101,40,1,-1,"2021/12/16 5:00","2021/12/23 4:59",0,0,0,0,1
340,151,2000.0,6004,80,1,-1,"2021/11/30 11:00","2021/12/14 23:59",0,0,0,0,1
341,152,2000.0,6005,80,1,-1,"2021/11/30 11:00","2021/12/14 23:59",0,0,0,0,1
342,251,2000.0,7004,80,1,-1,"2021/12/16 11:00","2021/12/23 23:59",0,0,0,0,1
343,252,2000.0,7005,80,1,-1,"2021/12/16 11:00","2021/12/23 23:59",0,0,0,0,1
344,32,2000.0,102,30,1,-1,"2021/12/23 5:00","2021/12/28 4:59",0,0,0,0,1
345,42,2000.0,102,40,1,-1,"2021/12/23 5:00","2021/12/28 4:59",0,0,0,0,1
346,37,2000.0,109,30,1,-1,"2021/12/23 5:00","2021/12/28 4:59",0,0,0,0,1
347,38,2000.0,112,30,1,-1,"2021/12/23 5:00","2021/12/28 4:59",0,0,0,0,1
348,31,2000.0,101,30,1,-1,"2021/12/28 5:00","2021/12/31 4:59",0,0,0,0,1
349,41,2000.0,101,40,1,-1,"2021/12/28 5:00","2021/12/31 4:59",0,0,0,0,1
350,34,2000.0,103,30,1,-1,"2021/12/31 5:00","2022/1/7 4:59",0,0,0,0,1
351,44,2000.0,103,40,1,-1,"2021/12/31 5:00","2022/1/7 4:59",0,0,0,0,1
352,31,2000.0,101,30,1,-1,"2022/1/1 5:00","2022/1/7 4:59",0,0,0,0,1
353,41,2000.0,101,40,1,-1,"2022/1/1 5:00","2022/1/7 4:59",0,0,0,0,1
354,37,2000.0,109,30,1,-1,"2022/1/7 5:00","2022/1/12 4:59",0,0,0,0,1
355,38,2000.0,112,30,1,-1,"2022/1/7 5:00","2022/1/12 4:59",0,0,0,0,1
356,45,2000.0,104,40,1,-1,"2022/1/10 5:00","2022/1/19 4:59",0,0,0,0,1
357,31,2000.0,101,30,1,-1,"2022/1/12 5:00","2022/1/20 4:59",0,0,0,0,1
358,41,2000.0,101,40,1,-1,"2022/1/12 5:00","2022/1/20 4:59",0,0,0,0,1
359,34,2000.0,103,30,1,-1,"2022/1/14 5:00","2022/1/22 4:59",0,0,0,0,1
360,44,2000.0,103,40,1,-1,"2022/1/14 5:00","2022/1/22 4:59",0,0,0,0,1
361,151,2000.0,6004,80,1,-1,"2021/12/31 11:00","2022/1/14 23:59",0,0,0,0,1
362,152,2000.0,6005,80,1,-1,"2021/12/31 11:00","2022/1/14 23:59",0,0,0,0,1
363,32,2000.0,102,30,1,-1,"2022/1/20 5:00","2022/1/25 4:59",0,0,0,0,1
364,42,2000.0,102,40,1,-1,"2022/1/20 5:00","2022/1/25 4:59",0,0,0,0,1
365,37,2000.0,109,30,1,-1,"2022/1/20 5:00","2022/1/25 4:59",0,0,0,0,1
366,38,2000.0,112,30,1,-1,"2022/1/20 5:00","2022/1/25 4:59",0,0,0,0,1
367,31,2000.0,101,30,1,-1,"2022/1/25 5:00","2022/1/28 4:59",0,0,0,0,1
368,41,2000.0,101,40,1,-1,"2022/1/25 5:00","2022/1/28 4:59",0,0,0,0,1
369,34,2000.0,103,30,1,-1,"2022/1/28 5:00","2022/2/12 4:59",0,0,0,0,1
370,44,2000.0,103,40,1,-1,"2022/1/28 5:00","2022/2/12 4:59",0,0,0,0,1
371,251,2000.0,7004,80,1,-1,"2022/1/14 11:00","2022/1/21 23:59",0,0,0,0,1
372,252,2000.0,7005,80,1,-1,"2022/1/14 11:00","2022/1/21 23:59",0,0,0,0,1
373,31,3000.0,101,30,1,-1,"2022/1/31 5:00","2022/2/6 4:59",0,0,0,0,1
374,41,3000.0,101,40,1,-1,"2022/1/31 5:00","2022/2/6 4:59",0,0,0,0,1
375,45,2000.0,104,40,1,-1,"2022/2/4 5:00","2022/2/13 4:59",0,0,0,0,1
376,37,2000.0,109,30,1,-1,"2022/2/6 5:00","2022/2/11 4:59",0,0,0,0,1
377,38,2000.0,112,30,1,-1,"2022/2/6 5:00","2022/2/11 4:59",0,0,0,0,1
378,31,2000.0,101,30,1,-1,"2022/2/13 5:00","2022/2/20 4:59",0,0,0,0,1
379,41,2000.0,101,40,1,-1,"2022/2/13 5:00","2022/2/20 4:59",0,0,0,0,1
380,151,2000.0,6004,80,1,-1,"2022/1/28 11:00","2022/2/10 23:59",0,0,0,0,1
381,152,2000.0,6005,80,1,-1,"2022/1/28 11:00","2022/2/10 23:59",0,0,0,0,1
382,251,2000.0,7004,80,1,-1,"2022/2/14 11:00","2022/2/21 23:59",0,0,0,0,1
383,252,2000.0,7005,80,1,-1,"2022/2/14 11:00","2022/2/21 23:59",0,0,0,0,1
384,34,2000.0,103,30,1,-1,"2022/2/16 5:00","2022/2/20 4:59",0,0,0,0,1
385,44,2000.0,103,40,1,-1,"2022/2/16 5:00","2022/2/20 4:59",0,0,0,0,1
386,32,2000.0,102,30,1,-1,"2022/2/20 5:00","2022/2/25 4:59",0,0,0,0,1
387,42,2000.0,102,40,1,-1,"2022/2/20 5:00","2022/2/25 4:59",0,0,0,0,1
388,37,2000.0,109,30,1,-1,"2022/2/20 5:00","2022/2/25 4:59",0,0,0,0,1
389,38,2000.0,112,30,1,-1,"2022/2/20 5:00","2022/2/25 4:59",0,0,0,0,1
390,91,2000.0,101,100,1,-1,"2022/2/22 5:00","2022/3/7 4:59",0,0,0,0,1
391,92,2000.0,102,100,1,-1,"2022/2/22 5:00","2022/3/7 4:59",0,0,0,0,1
392,93,2000.0,111,100,1,-1,"2022/2/22 5:00","2022/3/7 4:59",0,0,0,0,1
393,94,2000.0,109,100,1,-1,"2022/2/22 5:00","2022/3/7 4:59",0,0,0,0,1
394,95,2000.0,112,100,1,-1,"2022/2/22 5:00","2022/3/7 4:59",0,0,0,0,1
395,96,2000.0,6004,100,1,-1,"2022/2/22 5:00","2022/3/7 4:59",0,0,0,0,1
396,97,2000.0,6005,100,1,-1,"2022/2/22 5:00","2022/3/7 4:59",0,0,0,0,1
397,31,2000.0,101,30,1,-1,"2022/2/25 5:00","2022/2/28 4:59",0,0,0,0,1
398,41,2000.0,101,40,1,-1,"2022/2/25 5:00","2022/2/28 4:59",0,0,0,0,1
399,39,2000.0,111,30,1,-1,"2022/2/28 5:00","2022/3/4 4:59",0,0,0,0,1
400,49,2000.0,111,40,1,-1,"2022/2/28 5:00","2022/3/4 4:59",0,0,0,0,1
401,34,2000.0,103,30,1,-1,"2022/2/28 5:00","2022/3/8 4:59",0,0,0,0,1
402,44,2000.0,103,40,1,-1,"2022/2/28 5:00","2022/3/8 4:59",0,0,0,0,1
403,31,2000.0,101,30,1,-1,"2022/3/8 5:00","2022/3/13 4:59",0,0,0,0,1
404,41,2000.0,101,40,1,-1,"2022/3/8 5:00","2022/3/13 4:59",0,0,0,0,1
405,45,2000.0,104,40,1,-1,"2022/3/13 5:00","2022/3/22 4:59",0,0,0,0,1
406,151,2000.0,6004,80,1,-1,"2022/2/28 9:00","2022/3/21 23:59",0,0,0,0,1
407,152,2000.0,6005,80,1,-1,"2022/2/28 9:00","2022/3/21 23:59",0,0,0,0,1
408,91,2000.0,101,100,1,-1,"2022/3/16 5:00","2022/3/31 4:59",0,0,0,0,1
409,92,2000.0,102,100,1,-1,"2022/3/16 5:00","2022/3/31 4:59",0,0,0,0,1
410,93,2000.0,111,100,1,-1,"2022/3/16 5:00","2022/3/31 4:59",0,0,0,0,1
411,94,2000.0,109,100,1,-1,"2022/3/16 5:00","2022/3/31 4:59",0,0,0,0,1
412,95,2000.0,112,100,1,-1,"2022/3/16 5:00","2022/3/31 4:59",0,0,0,0,1
413,96,2000.0,6004,100,1,-1,"2022/3/16 5:00","2022/3/21 23:59",0,0,0,0,1
414,97,2000.0,6005,100,1,-1,"2022/3/16 5:00","2022/3/21 23:59",0,0,0,0,1
415,98,2000.0,7004,100,1,-1,"2022/3/16 11:00","2022/3/23 23:59",0,0,0,0,1
416,99,2000.0,7005,100,1,-1,"2022/3/16 11:00","2022/3/23 23:59",0,0,0,0,1
417,100,2000.0,8004,100,1,-1,"2022/3/16 5:00","2022/3/31 4:59",0,0,0,0,1
418,101,2000.0,8005,100,1,-1,"2022/3/16 5:00","2022/3/31 4:59",0,0,0,0,1
419,37,3000.0,109,30,1,-1,"2022/3/22 5:00","2022/3/26 4:59",0,0,0,0,1
420,38,3000.0,112,30,1,-1,"2022/3/22 5:00","2022/3/26 4:59",0,0,0,0,1
421,31,3000.0,101,30,1,-1,"2022/3/16 5:00","2022/3/24 4:59",0,0,0,0,1
422,41,3000.0,101,40,1,-1,"2022/3/16 5:00","2022/3/24 4:59",0,0,0,0,1
423,32,3000.0,102,30,1,-1,"2022/3/24 5:00","2022/3/30 4:59",0,0,0,0,1
424,42,3000.0,102,40,1,-1,"2022/3/24 5:00","2022/3/30 4:59",0,0,0,0,1
425,34,2000.0,103,30,1,-1,"2022/3/31 5:00","2022/4/7 4:59",0,0,0,0,1
426,44,2000.0,103,40,1,-1,"2022/3/31 5:00","2022/4/7 4:59",0,0,0,0,1
427,251,2000.0,7004,80,1,-1,"2022/3/16 11:00","2022/3/23 23:59",0,0,0,0,1
428,252,2000.0,7005,80,1,-1,"2022/3/16 11:00","2022/3/23 23:59",0,0,0,0,1
429,31,2000.0,101,30,1,-1,"2022/4/4 5:00","2022/4/10 4:59",0,0,0,0,1
430,41,2000.0,101,40,1,-1,"2022/4/4 5:00","2022/4/10 4:59",0,0,0,0,1
431,37,2000.0,109,30,1,-1,"2022/4/10 5:00","2022/4/15 4:59",0,0,0,0,1
432,38,2000.0,112,30,1,-1,"2022/4/10 5:00","2022/4/15 4:59",0,0,0,0,1
433,45,2000.0,104,40,1,-1,"2022/4/10 5:00","2022/4/19 4:59",0,0,0,0,1
434,34,2000.0,103,30,1,-1,"2022/4/14 5:00","2022/4/21 4:59",0,0,0,0,1
435,44,2000.0,103,40,1,-1,"2022/4/14 5:00","2022/4/21 4:59",0,0,0,0,1
436,31,3000.0,101,30,1,-1,"2022/4/15 5:00","2022/4/23 4:59",0,0,0,0,1
437,41,3000.0,101,40,1,-1,"2022/4/15 5:00","2022/4/23 4:59",0,0,0,0,1
438,151,2000.0,6004,80,1,-1,"2022/3/31 9:00","2022/4/14 23:59",0,0,0,0,1
439,152,2000.0,6005,80,1,-1,"2022/3/31 9:00","2022/4/14 23:59",0,0,0,0,1
440,37,3000.0,109,30,1,-1,"2022/4/23 5:00","2022/4/27 4:59",0,0,0,0,1
441,38,3000.0,112,30,1,-1,"2022/4/23 5:00","2022/4/27 4:59",0,0,0,0,1
442,32,3000.0,102,30,1,-1,"2022/4/24 5:00","2022/4/30 4:59",0,0,0,0,1
443,42,3000.0,102,40,1,-1,"2022/4/24 5:00","2022/4/30 4:59",0,0,0,0,1
444,34,2000.0,103,30,1,-1,"2022/4/30 5:00","2022/5/6 4:59",0,0,0,0,1
445,44,2000.0,103,40,1,-1,"2022/4/30 5:00","2022/5/6 4:59",0,0,0,0,1
446,251,2000.0,7004,80,1,-1,"2022/4/15 11:00","2022/4/22 23:59",0,0,0,0,1
447,252,2000.0,7005,80,1,-1,"2022/4/15 11:00","2022/4/22 23:59",0,0,0,0,1
448,32,3000.0,102,30,1,-1,"2022/5/2 5:00","2022/5/5 4:59",0,0,0,0,1
449,42,3000.0,102,40,1,-1,"2022/5/2 5:00","2022/5/5 4:59",0,0,0,0,1
450,31,3000.0,101,30,1,-1,"2022/5/5 5:00","2022/5/10 4:59",0,0,0,0,1
451,41,3000.0,101,40,1,-1,"2022/5/5 5:00","2022/5/10 4:59",0,0,0,0,1
452,37,2000.0,109,30,1,-1,"2022/5/10 5:00","2022/5/15 4:59",0,0,0,0,1
453,38,2000.0,112,30,1,-1,"2022/5/10 5:00","2022/5/15 4:59",0,0,0,0,1
454,45,2000.0,104,40,1,-1,"2022/5/10 5:00","2022/5/19 4:59",0,0,0,0,1
455,34,2000.0,103,30,1,-1,"2022/5/14 5:00","2022/5/21 4:59",0,0,0,0,1
456,44,2000.0,103,40,1,-1,"2022/5/14 5:00","2022/5/21 4:59",0,0,0,0,1
457,31,2000.0,101,30,1,-1,"2022/5/15 5:00","2022/5/22 4:59",0,0,0,0,1
458,41,2000.0,101,40,1,-1,"2022/5/15 5:00","2022/5/22 4:59",0,0,0,0,1
459,151,2000.0,6004,80,1,-1,"2022/4/30 11:00","2022/5/14 23:59",0,0,0,0,1
460,152,2000.0,6005,80,1,-1,"2022/4/30 11:00","2022/5/14 23:59",0,0,0,0,1
461,91,2000.0,101,100,1,-1,"2022/4/30 5:00","2022/5/10 4:59",0,0,0,0,1
462,92,2000.0,102,100,1,-1,"2022/4/30 5:00","2022/5/10 4:59",0,0,0,0,1
463,93,2000.0,111,100,1,-1,"2022/4/30 5:00","2022/5/10 4:59",0,0,0,0,1
464,94,2000.0,109,100,1,-1,"2022/4/30 5:00","2022/5/10 4:59",0,0,0,0,1
465,95,2000.0,112,100,1,-1,"2022/4/30 5:00","2022/5/10 4:59",0,0,0,0,1
466,96,2000.0,6004,100,1,-1,"2022/4/30 11:00","2022/5/10 4:59",0,0,0,0,1
467,97,2000.0,6005,100,1,-1,"2022/4/30 11:00","2022/5/10 4:59",0,0,0,0,1
468,100,2000.0,8004,100,1,-1,"2022/4/30 5:00","2022/5/10 4:59",0,0,0,0,1
469,101,2000.0,8005,100,1,-1,"2022/4/30 5:00","2022/5/10 4:59",0,0,0,0,1
470,32,2000.0,102,30,1,-1,"2022/5/22 5:00","2022/5/27 4:59",0,0,0,0,1
471,42,2000.0,102,40,1,-1,"2022/5/22 5:00","2022/5/27 4:59",0,0,0,0,1
472,37,2000.0,109,30,1,-1,"2022/5/22 5:00","2022/5/27 4:59",0,0,0,0,1
473,38,2000.0,112,30,1,-1,"2022/5/22 5:00","2022/5/27 4:59",0,0,0,0,1
474,31,2000.0,101,30,1,-1,"2022/5/27 5:00","2022/5/31 4:59",0,0,0,0,1
475,41,2000.0,101,40,1,-1,"2022/5/27 5:00","2022/5/31 4:59",0,0,0,0,1
476,34,2000.0,103,30,1,-1,"2022/5/31 5:00","2022/6/5 4:59",0,0,0,0,1
477,44,2000.0,103,40,1,-1,"2022/5/31 5:00","2022/6/5 4:59",0,0,0,0,1
478,251,2000.0,7004,80,1,-1,"2022/5/18 11:00","2022/5/25 23:59",0,0,0,0,1
479,252,2000.0,7005,80,1,-1,"2022/5/18 11:00","2022/5/25 23:59",0,0,0,0,1
480,31,2000.0,101,30,1,-1,"2022/6/3 5:00","2022/6/9 4:59",0,0,0,0,1
481,41,2000.0,101,40,1,-1,"2022/6/3 5:00","2022/6/9 4:59",0,0,0,0,1
482,37,2000.0,109,30,1,-1,"2022/6/10 5:00","2022/6/15 4:59",0,0,0,0,1
483,38,2000.0,112,30,1,-1,"2022/6/10 5:00","2022/6/15 4:59",0,0,0,0,1
484,45,2000.0,104,40,1,-1,"2022/6/10 5:00","2022/6/19 4:59",0,0,0,0,1
485,34,2000.0,103,30,1,-1,"2022/6/14 5:00","2022/6/21 4:59",0,0,0,0,1
486,44,2000.0,103,40,1,-1,"2022/6/14 5:00","2022/6/21 4:59",0,0,0,0,1
487,31,2000.0,101,30,1,-1,"2022/6/15 5:00","2022/6/22 4:59",0,0,0,0,1
488,41,2000.0,101,40,1,-1,"2022/6/15 5:00","2022/6/22 4:59",0,0,0,0,1
489,151,2000.0,6004,80,1,-1,"2022/5/31 11:00","2022/6/14 23:59",0,0,0,0,1
490,152,2000.0,6005,80,1,-1,"2022/5/31 11:00","2022/6/14 23:59",0,0,0,0,1
491,31,2000.0,101,30,1,-1,"2022/6/27 5:00","2022/7/1 4:59",0,0,0,0,1
492,41,2000.0,101,40,1,-1,"2022/6/27 5:00","2022/7/1 4:59",0,0,0,0,1
493,32,2000.0,102,30,1,-1,"2022/6/22 5:00","2022/6/27 4:59",0,0,0,0,1
494,42,2000.0,102,40,1,-1,"2022/6/22 5:00","2022/6/27 4:59",0,0,0,0,1
495,37,2000.0,109,30,1,-1,"2022/6/22 5:00","2022/6/27 4:59",0,0,0,0,1
496,38,2000.0,112,30,1,-1,"2022/6/22 5:00","2022/6/27 4:59",0,0,0,0,1
497,251,2000.0,7004,80,1,-1,"2022/6/16 12:00","2022/6/23 23:59",0,0,0,0,1
498,252,2000.0,7005,80,1,-1,"2022/6/16 12:00","2022/6/23 23:59",0,0,0,0,1
499,34,2000.0,103,30,1,-1,"2022/7/1 5:00","2022/7/5 4:59",0,0,0,0,1
500,44,2000.0,103,40,1,-1,"2022/7/1 5:00","2022/7/5 4:59",0,0,0,0,1
501,31,2000.0,101,30,1,-1,"2022/7/4 5:00","2022/7/10 4:59",0,0,0,0,1
502,41,2000.0,101,40,1,-1,"2022/7/4 5:00","2022/7/10 4:59",0,0,0,0,1
503,32,2000.0,102,30,1,-1,"2022/7/10 5:00","2022/7/13 4:59",0,0,0,0,1
504,42,2000.0,102,40,1,-1,"2022/7/10 5:00","2022/7/13 4:59",0,0,0,0,1
505,37,2000.0,109,30,1,-1,"2022/7/10 5:00","2022/7/15 4:59",0,0,0,0,1
506,38,2000.0,112,30,1,-1,"2022/7/10 5:00","2022/7/15 4:59",0,0,0,0,1
507,45,2000.0,104,40,1,-1,"2022/7/10 5:00","2022/7/19 4:59",0,0,0,0,1
508,34,2000.0,103,30,1,-1,"2022/7/13 5:00","2022/7/20 4:59",0,0,0,0,1
509,44,2000.0,103,40,1,-1,"2022/7/13 5:00","2022/7/20 4:59",0,0,0,0,1
510,151,2000.0,6004,80,1,-1,"2022/6/30 11:00","2022/7/14 23:59",0,0,0,0,1
511,152,2000.0,6005,80,1,-1,"2022/6/30 11:00","2022/7/14 23:59",0,0,0,0,1
512,31,2000.0,101,30,1,-1,"2022/7/14 5:00","2022/7/21 4:59",0,0,0,0,1
513,41,2000.0,101,40,1,-1,"2022/7/14 5:00","2022/7/21 4:59",0,0,0,0,1
514,32,2000.0,102,30,1,-1,"2022/7/22 5:00","2022/7/27 4:59",0,0,0,0,1
515,42,2000.0,102,40,1,-1,"2022/7/22 5:00","2022/7/27 4:59",0,0,0,0,1
516,37,2000.0,109,30,1,-1,"2022/7/22 5:00","2022/7/27 4:59",0,0,0,0,1
517,38,2000.0,112,30,1,-1,"2022/7/22 5:00","2022/7/27 4:59",0,0,0,0,1
518,31,2000.0,101,30,1,-1,"2022/7/27 5:00","2022/7/31 4:59",0,0,0,0,1
519,41,2000.0,101,40,1,-1,"2022/7/27 5:00","2022/7/31 4:59",0,0,0,0,1
520,34,2000.0,103,30,1,-1,"2022/7/31 5:00","2022/8/7 4:59",0,0,0,0,1
521,44,2000.0,103,40,1,-1,"2022/7/31 5:00","2022/8/7 4:59",0,0,0,0,1
522,251,2000.0,7004,80,1,-1,"2022/7/16 12:00","2022/7/23 23:59",0,0,0,0,1
523,252,2000.0,7005,80,1,-1,"2022/7/16 12:00","2022/7/23 23:59",0,0,0,0,1
524,31,2000.0,101,30,1,-1,"2022/8/7 5:00","2022/8/12 4:59",0,0,0,0,1
525,41,2000.0,101,40,1,-1,"2022/8/7 5:00","2022/8/12 4:59",0,0,0,0,1
526,32,2000.0,102,30,1,-1,"2022/8/12 5:00","2022/8/15 4:59",0,0,0,0,1
527,42,2000.0,102,40,1,-1,"2022/8/12 5:00","2022/8/15 4:59",0,0,0,0,1
528,45,2000.0,104,40,1,-1,"2022/8/12 5:00","2022/8/21 4:59",0,0,0,0,1
529,31,3000.0,101,30,1,-1,"2022/8/15 5:00","2022/8/22 4:59",0,0,0,0,1
530,41,3000.0,101,40,1,-1,"2022/8/15 5:00","2022/8/22 4:59",0,0,0,0,1
531,34,3000.0,103,30,1,-1,"2022/8/15 5:00","2022/8/20 4:59",0,0,0,0,1
532,44,3000.0,103,40,1,-1,"2022/8/15 5:00","2022/8/20 4:59",0,0,0,0,1
533,151,2000.0,6004,80,1,-1,"2022/7/31 11:00","2022/8/14 23:59",0,0,0,0,1
534,152,2000.0,6005,80,1,-1,"2022/7/31 11:00","2022/8/14 23:59",0,0,0,0,1
535,37,3000.0,109,30,1,-1,"2022/8/20 5:00","2022/8/25 4:59",0,0,0,0,1
536,38,3000.0,112,30,1,-1,"2022/8/20 5:00","2022/8/25 4:59",0,0,0,0,1
537,91,2000.0,101,100,1,-1,"2022/8/20 5:00","2022/9/4 4:59",0,0,0,0,1
538,92,2000.0,102,100,1,-1,"2022/8/20 5:00","2022/9/4 4:59",0,0,0,0,1
539,93,2000.0,111,100,1,-1,"2022/8/20 5:00","2022/9/4 4:59",0,0,0,0,1
540,94,2000.0,109,100,1,-1,"2022/8/20 5:00","2022/9/4 4:59",0,0,0,0,1
541,95,2000.0,112,100,1,-1,"2022/8/20 5:00","2022/9/4 4:59",0,0,0,0,1
542,98,2000.0,7004,100,1,-1,"2022/8/20 5:00","2022/8/23 23:59",0,0,0,0,1
543,99,2000.0,7005,100,1,-1,"2022/8/20 5:00","2022/8/23 23:59",0,0,0,0,1
544,100,2000.0,8004,100,1,-1,"2022/8/20 5:00","2022/9/4 4:59",0,0,0,0,1
545,101,2000.0,8005,100,1,-1,"2022/8/20 5:00","2022/9/4 4:59",0,0,0,0,1
546,32,3000.0,102,30,1,-1,"2022/8/22 5:00","2022/8/28 4:59",0,0,0,0,1
547,42,3000.0,102,40,1,-1,"2022/8/22 5:00","2022/8/28 4:59",0,0,0,0,1
548,31,2000.0,101,30,1,-1,"2022/8/28 5:00","2022/8/31 4:59",0,0,0,0,1
549,41,2000.0,101,40,1,-1,"2022/8/28 5:00","2022/8/31 4:59",0,0,0,0,1
550,39,2000.0,111,30,1,-1,"2022/8/28 5:00","2022/8/31 4:59",0,0,0,0,1
551,49,2000.0,111,40,1,-1,"2022/8/28 5:00","2022/8/31 4:59",0,0,0,0,1
552,34,2000.0,103,30,1,-1,"2022/8/31 5:00","2022/9/7 4:59",0,0,0,0,1
553,44,2000.0,103,40,1,-1,"2022/8/31 5:00","2022/9/7 4:59",0,0,0,0,1
554,251,2000.0,7004,80,1,-1,"2022/8/16 12:00","2022/8/23 23:59",0,0,0,0,1
555,252,2000.0,7005,80,1,-1,"2022/8/16 12:00","2022/8/23 23:59",0,0,0,0,1
556,31,2000.0,101,30,1,-1,"2022/9/3 5:00","2022/9/12 4:59",0,0,0,0,1
557,41,2000.0,101,40,1,-1,"2022/9/3 5:00","2022/9/12 4:59",0,0,0,0,1
558,45,2000.0,104,40,1,-1,"2022/9/8 5:00","2022/9/17 4:59",0,0,0,0,1
559,37,2000.0,109,30,1,-1,"2022/9/9 5:00","2022/9/13 4:59",0,0,0,0,1
560,38,2000.0,112,30,1,-1,"2022/9/9 5:00","2022/9/13 4:59",0,0,0,0,1
561,32,2000.0,102,30,1,-1,"2022/9/12 5:00","2022/9/17 4:59",0,0,0,0,1
562,42,2000.0,102,40,1,-1,"2022/9/12 5:00","2022/9/17 4:59",0,0,0,0,1
563,34,2000.0,103,30,1,-1,"2022/9/13 5:00","2022/9/20 4:59",0,0,0,0,1
564,44,2000.0,103,40,1,-1,"2022/9/13 5:00","2022/9/20 4:59",0,0,0,0,1
565,31,2000.0,101,30,1,-1,"2022/9/17 5:00","2022/9/23 4:59",0,0,0,0,1
566,41,2000.0,101,40,1,-1,"2022/9/17 5:00","2022/9/23 4:59",0,0,0,0,1
567,151,2000.0,6004,80,1,-1,"2022/8/31 11:00","2022/9/14 23:59",0,0,0,0,1
568,152,2000.0,6005,80,1,-1,"2022/8/31 11:00","2022/9/14 23:59",0,0,0,0,1
569,251,2000.0,7004,80,1,-1,"2022/9/17 12:00","2022/9/24 23:59",0,0,0,0,1
570,252,2000.0,7005,80,1,-1,"2022/9/17 12:00","2022/9/24 23:59",0,0,0,0,1
571,96,2000.0,6004,100,1,-1,"2022/8/31 11:00","2022/9/4 4:59",0,0,0,0,1
572,97,2000.0,6005,100,1,-1,"2022/8/31 11:00","2022/9/4 4:59",0,0,0,0,1
573,32,2000.0,102,30,1,-1,"2022/9/23 5:00","2022/9/26 4:59",0,0,0,0,1
574,42,2000.0,102,40,1,-1,"2022/9/23 5:00","2022/9/26 4:59",0,0,0,0,1
575,37,2000.0,109,30,1,-1,"2022/9/23 5:00","2022/9/26 4:59",0,0,0,0,1
576,38,2000.0,112,30,1,-1,"2022/9/23 5:00","2022/9/26 4:59",0,0,0,0,1
577,31,2000.0,101,30,1,-1,"2022/9/26 5:00","2022/9/30 4:59",0,0,0,0,1
578,41,2000.0,101,40,1,-1,"2022/9/26 5:00","2022/9/30 4:59",0,0,0,0,1
579,34,2000.0,103,30,1,-1,"2022/9/30 5:00","2022/10/7 4:59",0,0,0,0,1
580,44,2000.0,103,40,1,-1,"2022/9/30 5:00","2022/10/7 4:59",0,0,0,0,1
581,31,2000.0,101,30,1,-1,"2022/10/7 5:00","2022/10/13 4:59",0,0,0,0,1
582,41,2000.0,101,40,1,-1,"2022/10/7 5:00","2022/10/13 4:59",0,0,0,0,1
583,32,2000.0,102,30,1,-1,"2022/10/13 5:00","2022/10/17 4:59",0,0,0,0,1
584,42,2000.0,102,40,1,-1,"2022/10/13 5:00","2022/10/17 4:59",0,0,0,0,1
585,37,2000.0,109,30,1,-1,"2022/10/13 5:00","2022/10/17 4:59",0,0,0,0,1
586,38,2000.0,112,30,1,-1,"2022/10/13 5:00","2022/10/17 4:59",0,0,0,0,1
587,45,2000.0,104,40,1,-1,"2022/10/13 5:00","2022/10/23 4:59",0,0,0,0,1
588,151,2000.0,6004,80,1,-1,"2022/9/30 11:00","2022/10/14 23:59",0,0,0,0,1
589,152,2000.0,6005,80,1,-1,"2022/9/30 11:00","2022/10/14 23:59",0,0,0,0,1
590,31,2000.0,101,30,1,-1,"2022/10/17 5:00","2022/10/22 4:59",0,0,0,0,1
591,41,2000.0,101,40,1,-1,"2022/10/17 5:00","2022/10/22 4:59",0,0,0,0,1
592,34,2000.0,103,30,1,-1,"2022/10/16 5:00","2022/10/24 4:59",0,0,0,0,1
593,44,2000.0,103,40,1,-1,"2022/10/16 5:00","2022/10/24 4:59",0,0,0,0,1
594,31,2000.0,101,30,1,-1,"2022/10/27 5:00","2022/10/31 4:59",0,0,0,0,1
595,41,2000.0,101,40,1,-1,"2022/10/27 5:00","2022/10/31 4:59",0,0,0,0,1
596,32,2000.0,102,30,1,-1,"2022/10/22 5:00","2022/10/27 4:59",0,0,0,0,1
597,42,2000.0,102,40,1,-1,"2022/10/22 5:00","2022/10/27 4:59",0,0,0,0,1
598,37,2000.0,109,30,1,-1,"2022/10/22 5:00","2022/10/27 4:59",0,0,0,0,1
599,38,2000.0,112,30,1,-1,"2022/10/22 5:00","2022/10/27 4:59",0,0,0,0,1
600,34,2000.0,103,30,1,-1,"2022/10/31 5:00","2022/11/7 4:59",0,0,0,0,1
601,44,2000.0,103,40,1,-1,"2022/10/31 5:00","2022/11/7 4:59",0,0,0,0,1
602,251,2000.0,7004,80,1,-1,"2022/10/16 12:00","2022/10/23 23:59",0,0,0,0,1
603,252,2000.0,7005,80,1,-1,"2022/10/16 12:00","2022/10/23 23:59",0,0,0,0,1
604,151,2000.0,6004,80,1,-1,"2022/10/31 11:00","2022/11/14 23:59",0,0,0,0,1
605,152,2000.0,6005,80,1,-1,"2022/10/31 11:00","2022/11/14 23:59",0,0,0,0,1
606,251,2000.0,7004,80,1,-1,"2022/11/10 11:00","2022/11/21 23:59",0,0,0,0,1
607,252,2000.0,7005,80,1,-1,"2022/11/10 11:00","2022/11/21 23:59",0,0,0,0,1
608,31,2000.0,101,30,1,-1,"2022/11/7 5:00","2022/11/13 4:59",0,0,0,0,1
609,41,2000.0,101,40,1,-1,"2022/11/7 5:00","2022/11/13 4:59",0,0,0,0,1
610,31,2000.0,101,30,1,-1,"2022/11/17 5:00","2022/11/21 4:59",0,0,0,0,1
611,41,2000.0,101,40,1,-1,"2022/11/17 5:00","2022/11/21 4:59",0,0,0,0,1
612,32,2000.0,102,30,1,-1,"2022/11/13 5:00","2022/11/17 4:59",0,0,0,0,1
613,42,2000.0,102,40,1,-1,"2022/11/13 5:00","2022/11/17 4:59",0,0,0,0,1
614,32,2000.0,102,30,1,-1,"2022/11/21 5:00","2022/11/25 4:59",0,0,0,0,1
615,42,2000.0,102,40,1,-1,"2022/11/21 5:00","2022/11/25 4:59",0,0,0,0,1
616,37,2000.0,109,30,1,-1,"2022/11/13 5:00","2022/11/17 4:59",0,0,0,0,1
617,38,2000.0,112,30,1,-1,"2022/11/13 5:00","2022/11/17 4:59",0,0,0,0,1
618,34,2000.0,103,30,1,-1,"2022/11/16 5:00","2022/11/20 4:59",0,0,0,0,1
619,44,2000.0,103,40,1,-1,"2022/11/16 5:00","2022/11/20 4:59",0,0,0,0,1
620,45,2000.0,104,40,1,-1,"2022/11/13 5:00","2022/11/23 4:59",0,0,0,0,1
621,81,2000.0,101,80,1,-1,"2022/11/25 5:00","2022/11/30 4:59",0,0,0,0,1
622,82,2000.0,102,80,1,-1,"2022/11/25 5:00","2022/11/30 4:59",0,0,0,0,1
623,83,2000.0,111,80,1,-1,"2022/11/25 5:00","2022/11/30 4:59",0,0,0,0,1
624,84,2000.0,109,80,1,-1,"2022/11/25 5:00","2022/11/30 4:59",0,0,0,0,1
625,85,2000.0,112,80,1,-1,"2022/11/25 5:00","2022/11/30 4:59",0,0,0,0,1
626,31,2000.0,101,30,1,-1,"2022/11/25 5:00","2022/11/30 4:59",0,0,0,0,1
627,41,2000.0,101,40,1,-1,"2022/11/25 5:00","2022/11/30 4:59",0,0,0,0,1
628,37,2000.0,109,30,1,-1,"2022/11/25 5:00","2022/11/30 4:59",0,0,0,0,1
629,38,2000.0,112,30,1,-1,"2022/11/25 5:00","2022/11/30 4:59",0,0,0,0,1
630,34,2000.0,103,30,1,-1,"2022/11/25 5:00","2022/12/5 4:59",0,0,0,0,1
631,44,2000.0,103,40,1,-1,"2022/11/25 5:00","2022/12/5 4:59",0,0,0,0,1
632,351,2000.0,8004,80,1,-1,"2022/11/25 5:00","2022/11/30 4:59",0,0,0,0,1
633,352,2000.0,8005,80,1,-1,"2022/11/25 5:00","2022/11/30 4:59",0,0,0,0,1
634,31,2000.0,101,30,1,-1,"2022/12/10 5:00","2022/12/14 4:59",0,0,0,0,1
635,41,2000.0,101,40,1,-1,"2022/12/10 5:00","2022/12/14 4:59",0,0,0,0,1
636,31,2000.0,101,30,1,-1,"2022/12/18 5:00","2022/12/23 4:59",0,0,0,0,1
637,41,2000.0,101,40,1,-1,"2022/12/18 5:00","2022/12/23 4:59",0,0,0,0,1
638,39,2000.0,111,30,1,-1,"2022/12/5 5:00","2022/12/10 4:59",0,0,0,0,1
639,49,2000.0,111,40,1,-1,"2022/12/5 5:00","2022/12/10 4:59",0,0,0,0,1
640,32,2000.0,102,30,1,-1,"2022/12/14 5:00","2022/12/18 4:59",0,0,0,0,1
641,42,2000.0,102,40,1,-1,"2022/12/14 5:00","2022/12/18 4:59",0,0,0,0,1
642,37,2000.0,109,30,1,-1,"2022/12/14 5:00","2022/12/18 4:59",0,0,0,0,1
643,38,2000.0,112,30,1,-1,"2022/12/14 5:00","2022/12/18 4:59",0,0,0,0,1
644,34,2000.0,103,30,1,-1,"2022/12/14 5:00","2022/12/18 4:59",0,0,0,0,1
645,44,2000.0,103,40,1,-1,"2022/12/14 5:00","2022/12/18 4:59",0,0,0,0,1
646,45,2000.0,104,40,1,-1,"2022/12/14 5:00","2022/12/24 4:59",0,0,0,0,1
647,151,2000.0,6004,80,1,-1,"2022/11/30 11:00","2022/12/14 23:59",0,0,0,0,1
648,152,2000.0,6005,80,1,-1,"2022/11/30 11:00","2022/12/14 23:59",0,0,0,0,1
649,251,2000.0,7004,80,1,-1,"2022/12/16 12:00","2022/12/23 23:59",0,0,0,0,1
650,252,2000.0,7005,80,1,-1,"2022/12/16 12:00","2022/12/23 23:59",0,0,0,0,1
651,31,2000.0,101,30,1,-1,"2022/12/26 5:00","2022/12/31 4:59",0,0,0,0,1
652,41,2000.0,101,40,1,-1,"2022/12/26 5:00","2022/12/31 4:59",0,0,0,0,1
653,32,2000.0,102,30,1,-1,"2022/12/23 5:00","2022/12/26 4:59",0,0,0,0,1
654,42,2000.0,102,40,1,-1,"2022/12/23 5:00","2022/12/26 4:59",0,0,0,0,1
655,37,2000.0,109,30,1,-1,"2022/12/26 5:00","2022/12/31 4:59",0,0,0,0,1
656,38,2000.0,112,30,1,-1,"2022/12/26 5:00","2022/12/31 4:59",0,0,0,0,1
657,34,2000.0,103,30,1,-1,"2022/12/26 5:00","2023/1/7 4:59",0,0,0,0,1
658,44,2000.0,103,40,1,-1,"2022/12/26 5:00","2023/1/7 4:59",0,0,0,0,1
659,81,2000.0,101,80,1,-1,"2022/12/23 5:00","2022/12/29 4:59",0,0,0,0,1
660,82,2000.0,102,80,1,-1,"2022/12/23 5:00","2022/12/29 4:59",0,0,0,0,1
661,83,2000.0,111,80,1,-1,"2022/12/23 5:00","2022/12/29 4:59",0,0,0,0,1
662,84,2000.0,109,80,1,-1,"2022/12/23 5:00","2022/12/29 4:59",0,0,0,0,1
663,85,2000.0,112,80,1,-1,"2022/12/23 5:00","2022/12/29 4:59",0,0,0,0,1
664,351,2000.0,8004,80,1,-1,"2022/12/23 5:00","2022/12/29 4:59",0,0,0,0,1
665,352,2000.0,8005,80,1,-1,"2022/12/23 5:00","2022/12/29 4:59",0,0,0,0,1
666,31,2000.0,101,30,1,-1,"2023/1/11 5:00","2023/1/16 4:59",0,0,0,0,1
667,41,2000.0,101,40,1,-1,"2023/1/11 5:00","2023/1/16 4:59",0,0,0,0,1
668,32,2000.0,102,30,1,-1,"2023/1/16 5:00","2023/1/19 4:59",0,0,0,0,1
669,42,2000.0,102,40,1,-1,"2023/1/16 5:00","2023/1/19 4:59",0,0,0,0,1
670,39,2000.0,111,30,1,-1,"2023/1/7 5:00","2023/1/11 4:59",0,0,0,0,1
671,49,2000.0,111,40,1,-1,"2023/1/7 5:00","2023/1/11 4:59",0,0,0,0,1
672,37,2000.0,109,30,1,-1,"2023/1/16 5:00","2023/1/19 4:59",0,0,0,0,1
673,38,2000.0,112,30,1,-1,"2023/1/16 5:00","2023/1/19 4:59",0,0,0,0,1
674,34,2000.0,103,30,1,-1,"2023/1/16 5:00","2023/1/19 4:59",0,0,0,0,1
675,44,2000.0,103,40,1,-1,"2023/1/16 5:00","2023/1/19 4:59",0,0,0,0,1
676,45,2000.0,104,40,1,-1,"2023/1/16 5:00","2023/1/26 4:59",0,0,0,0,1
677,151,2000.0,6004,80,1,-1,"2022/12/31 11:00","2023/1/14 23:59",0,0,0,0,1
678,152,2000.0,6005,80,1,-1,"2022/12/31 11:00","2023/1/14 23:59",0,0,0,0,1
679,251,2000.0,7004,80,1,-1,"2023/1/15 12:00","2023/1/22 23:59",0,0,0,0,1
680,252,2000.0,7005,80,1,-1,"2023/1/15 12:00","2023/1/22 23:59",0,0,0,0,1
681,31,3000.0,101,30,1,-1,"2023/1/19 5:00","2023/1/23 4:59",0,0,0,0,1
682,41,3000.0,101,40,1,-1,"2023/1/19 5:00","2023/1/23 4:59",0,0,0,0,1
683,32,3000.0,102,30,1,-1,"2023/1/23 5:00","2023/1/26 4:59",0,0,0,0,1
684,42,3000.0,102,40,1,-1,"2023/1/23 5:00","2023/1/26 4:59",0,0,0,0,1
685,31,2000.0,101,30,1,-1,"2023/1/26 5:00","2023/1/31 4:59",0,0,0,0,1
686,41,2000.0,101,40,1,-1,"2023/1/26 5:00","2023/1/31 4:59",0,0,0,0,1
687,37,2000.0,109,30,1,-1,"2023/1/26 5:00","2023/1/31 4:59",0,0,0,0,1
688,38,2000.0,112,30,1,-1,"2023/1/26 5:00","2023/1/31 4:59",0,0,0,0,1
689,34,2000.0,103,30,1,-1,"2023/1/26 5:00","2023/2/8 4:59",0,0,0,0,1
690,44,2000.0,103,40,1,-1,"2023/1/26 5:00","2023/2/8 4:59",0,0,0,0,1
691,81,2000.0,101,80,1,-1,"2023/1/23 5:00","2023/1/29 4:59",0,0,0,0,1
692,82,2000.0,102,80,1,-1,"2023/1/23 5:00","2023/1/29 4:59",0,0,0,0,1
693,83,2000.0,111,80,1,-1,"2023/1/23 5:00","2023/1/29 4:59",0,0,0,0,1
694,84,2000.0,109,80,1,-1,"2023/1/23 5:00","2023/1/29 4:59",0,0,0,0,1
695,85,2000.0,112,80,1,-1,"2023/1/23 5:00","2023/1/29 4:59",0,0,0,0,1
696,351,2000.0,8004,80,1,-1,"2023/1/23 5:00","2023/1/29 4:59",0,0,0,0,1
697,352,2000.0,8005,80,1,-1,"2023/1/23 5:00","2023/1/29 4:59",0,0,0,0,1
698,31,2000.0,101,30,1,-1,"2023/2/11 5:00","2023/2/14 4:59",0,0,0,0,1
699,41,2000.0,101,40,1,-1,"2023/2/11 5:00","2023/2/14 4:59",0,0,0,0,1
700,39,2000.0,111,30,1,-1,"2023/2/8 5:00","2023/2/11 4:59",0,0,0,0,1
701,49,2000.0,111,40,1,-1,"2023/2/8 5:00","2023/2/11 4:59",0,0,0,0,1
702,32,2000.0,102,30,1,-1,"2023/2/15 5:00","2023/2/18 4:59",0,0,0,0,1
703,42,2000.0,102,40,1,-1,"2023/2/15 5:00","2023/2/18 4:59",0,0,0,0,1
704,37,2000.0,109,30,1,-1,"2023/2/15 5:00","2023/2/18 4:59",0,0,0,0,1
705,38,2000.0,112,30,1,-1,"2023/2/15 5:00","2023/2/18 4:59",0,0,0,0,1
706,34,2000.0,103,30,1,-1,"2023/2/15 5:00","2023/2/18 4:59",0,0,0,0,1
707,44,2000.0,103,40,1,-1,"2023/2/15 5:00","2023/2/18 4:59",0,0,0,0,1
708,45,2000.0,104,40,1,-1,"2023/2/14 5:00","2023/2/24 4:59",0,0,0,0,1
709,151,2000.0,6004,80,1,-1,"2023/1/31 11:00","2023/2/20 23:59",0,0,0,0,1
710,152,2000.0,6005,80,1,-1,"2023/1/31 11:00","2023/2/20 23:59",0,0,0,0,1
711,31,2000.0,101,30,1,-1,"2023/2/18 5:00","2023/2/22 4:59",0,0,0,0,1
712,41,2000.0,101,40,1,-1,"2023/2/18 5:00","2023/2/22 4:59",0,0,0,0,1
713,39,3000.0,111,30,1,-1,"2023/2/26 5:00","2023/3/1 4:59",0,0,0,0,1
714,49,3000.0,111,40,1,-1,"2023/2/26 5:00","2023/3/1 4:59",0,0,0,0,1
715,32,2000.0,102,30,1,-1,"2023/2/22 5:00","2023/2/26 4:59",0,0,0,0,1
716,42,2000.0,102,40,1,-1,"2023/2/22 5:00","2023/2/26 4:59",0,0,0,0,1
717,34,2000.0,103,30,1,-1,"2023/2/24 5:00","2023/3/5 4:59",0,0,0,0,1
718,44,2000.0,103,40,1,-1,"2023/2/24 5:00","2023/3/5 4:59",0,0,0,0,1
719,251,2000.0,7004,80,1,-1,"2023/2/16 12:00","2023/2/23 23:59",0,0,0,0,1
720,252,2000.0,7005,80,1,-1,"2023/2/16 12:00","2023/2/23 23:59",0,0,0,0,1
721,39,2000.0,111,30,1,-1,"2023/3/5 5:00","2023/3/9 4:59",0,0,0,0,1
722,49,2000.0,111,40,1,-1,"2023/3/5 5:00","2023/3/9 4:59",0,0,0,0,1
723,31,2000.0,101,30,1,-1,"2023/3/9 5:00","2023/3/13 4:59",0,0,0,0,1
724,41,2000.0,101,40,1,-1,"2023/3/9 5:00","2023/3/13 4:59",0,0,0,0,1
725,31,2000.0,101,30,1,-1,"2023/3/16 5:00","2023/3/22 4:59",0,0,0,0,1
726,41,2000.0,101,40,1,-1,"2023/3/16 5:00","2023/3/22 4:59",0,0,0,0,1
727,32,2000.0,102,30,1,-1,"2023/3/13 5:00","2023/3/16 4:59",0,0,0,0,1
728,42,2000.0,102,40,1,-1,"2023/3/13 5:00","2023/3/16 4:59",0,0,0,0,1
729,37,2000.0,109,30,1,-1,"2023/3/13 5:00","2023/3/16 4:59",0,0,0,0,1
730,38,2000.0,112,30,1,-1,"2023/3/13 5:00","2023/3/16 4:59",0,0,0,0,1
731,34,2000.0,103,30,1,-1,"2023/3/13 5:00","2023/3/16 4:59",0,0,0,0,1
732,44,2000.0,103,40,1,-1,"2023/3/13 5:00","2023/3/16 4:59",0,0,0,0,1
733,45,2000.0,104,40,1,-1,"2023/3/13 5:00","2023/3/24 4:59",0,0,0,0,1
734,151,2000.0,6004,80,1,-1,"2023/2/28 11:00","2023/3/14 23:59",0,0,0,0,1
735,152,2000.0,6005,80,1,-1,"2023/2/28 11:00","2023/3/14 23:59",0,0,0,0,1
736,251,2000.0,7004,80,1,-1,"2023/3/8 12:00","2023/3/24 23:59",0,0,0,0,1
737,252,2000.0,7005,80,1,-1,"2023/3/8 12:00","2023/3/24 23:59",0,0,0,0,1
738,32,2000.0,102,30,1,-1,"2023/3/22 5:00","2023/3/26 4:59",0,0,0,0,1
739,42,2000.0,102,40,1,-1,"2023/3/22 5:00","2023/3/26 4:59",0,0,0,0,1
740,31,2000.0,101,30,1,-1,"2023/3/26 5:00","2023/3/31 4:59",0,0,0,0,1
741,41,2000.0,101,40,1,-1,"2023/3/26 5:00","2023/3/31 4:59",0,0,0,0,1
742,37,2000.0,109,30,1,-1,"2023/3/26 5:00","2023/3/31 4:59",0,0,0,0,1
743,38,2000.0,112,30,1,-1,"2023/3/26 5:00","2023/3/31 4:59",0,0,0,0,1
744,81,2000.0,101,80,1,-1,"2023/3/23 5:00","2023/3/29 4:59",0,0,0,0,1
745,82,2000.0,102,80,1,-1,"2023/3/23 5:00","2023/3/29 4:59",0,0,0,0,1
746,83,2000.0,111,80,1,-1,"2023/3/23 5:00","2023/3/29 4:59",0,0,0,0,1
747,84,2000.0,109,80,1,-1,"2023/3/23 5:00","2023/3/29 4:59",0,0,0,0,1
748,85,2000.0,112,80,1,-1,"2023/3/23 5:00","2023/3/29 4:59",0,0,0,0,1
749,351,2000.0,8004,80,1,-1,"2023/3/23 5:00","2023/3/29 4:59",0,0,0,0,1
750,352,2000.0,8005,80,1,-1,"2023/3/23 5:00","2023/3/29 4:59",0,0,0,0,1
751,34,2000.0,103,30,1,-1,"2023/3/26 5:00","2023/4/7 4:59",0,0,0,0,1
752,44,2000.0,103,40,1,-1,"2023/3/26 5:00","2023/4/7 4:59",0,0,0,0,1
753,31,2000.0,101,30,1,-1,"2023/4/8 5:00","2023/4/12 4:59",0,0,0,0,1
754,41,2000.0,101,40,1,-1,"2023/4/8 5:00","2023/4/12 4:59",0,0,0,0,1
755,39,2000.0,111,30,1,-1,"2023/4/5 5:00","2023/4/8 4:59",0,0,0,0,1
756,49,2000.0,111,40,1,-1,"2023/4/5 5:00","2023/4/8 4:59",0,0,0,0,1
757,31,3000.0,101,30,1,-1,"2023/4/12 5:00","2023/4/19 4:59",0,0,0,0,1
758,41,3000.0,101,40,1,-1,"2023/4/12 5:00","2023/4/19 4:59",0,0,0,0,1
759,45,2000.0,104,40,1,-1,"2023/4/12 5:00","2023/4/23 4:59",0,0,0,0,1
760,34,3000.0,103,30,1,-1,"2023/4/12 5:00","2023/4/17 4:59",0,0,0,0,1
761,44,3000.0,103,40,1,-1,"2023/4/12 5:00","2023/4/17 4:59",0,0,0,0,1
762,151,2000.0,6004,80,1,-1,"2023/3/31 11:00","2023/4/14 23:59",0,0,0,0,1
763,152,2000.0,6005,80,1,-1,"2023/3/31 11:00","2023/4/14 23:59",0,0,0,0,1
764,31,2000.0,101,30,1,-1,"2023/4/23 5:00","2023/4/28 4:59",0,0,0,0,1
765,41,2000.0,101,40,1,-1,"2023/4/23 5:00","2023/4/28 4:59",0,0,0,0,1
766,32,3000.0,102,30,1,-1,"2023/4/19 5:00","2023/4/23 4:59",0,0,0,0,1
767,42,3000.0,102,40,1,-1,"2023/4/19 5:00","2023/4/23 4:59",0,0,0,0,1
768,37,3000.0,109,30,1,-1,"2023/4/17 5:00","2023/4/21 4:59",0,0,0,0,1
769,38,3000.0,112,30,1,-1,"2023/4/17 5:00","2023/4/21 4:59",0,0,0,0,1
770,37,2000.0,109,30,1,-1,"2023/4/23 5:00","2023/4/28 4:59",0,0,0,0,1
771,38,2000.0,112,30,1,-1,"2023/4/23 5:00","2023/4/28 4:59",0,0,0,0,1
772,81,2000.0,101,80,1,-1,"2023/4/20 5:00","2023/4/26 4:59",0,0,0,0,1
773,82,2000.0,102,80,1,-1,"2023/4/20 5:00","2023/4/26 4:59",0,0,0,0,1
774,83,2000.0,111,80,1,-1,"2023/4/20 5:00","2023/4/26 4:59",0,0,0,0,1
775,84,2000.0,109,80,1,-1,"2023/4/20 5:00","2023/4/26 4:59",0,0,0,0,1
776,85,2000.0,112,80,1,-1,"2023/4/20 5:00","2023/4/26 4:59",0,0,0,0,1
777,351,2000.0,8004,80,1,-1,"2023/4/20 5:00","2023/4/26 4:59",0,0,0,0,1
778,352,2000.0,8005,80,1,-1,"2023/4/20 5:00","2023/4/26 4:59",0,0,0,0,1
779,251,2000.0,7004,80,1,-1,"2023/4/16 12:00","2023/4/23 23:59",0,0,0,0,1
780,252,2000.0,7005,80,1,-1,"2023/4/16 12:00","2023/4/23 23:59",0,0,0,0,1
781,91,2000.0,101,100,1,-1,"2023/4/14 5:00","2023/4/28 4:59",0,0,0,0,1
782,92,2000.0,102,100,1,-1,"2023/4/14 5:00","2023/4/28 4:59",0,0,0,0,1
783,93,2000.0,111,100,1,-1,"2023/4/14 5:00","2023/4/28 4:59",0,0,0,0,1
784,94,2000.0,109,100,1,-1,"2023/4/14 5:00","2023/4/28 4:59",0,0,0,0,1
785,95,2000.0,112,100,1,-1,"2023/4/14 5:00","2023/4/28 4:59",0,0,0,0,1
786,98,2000.0,7004,100,1,-1,"2023/4/16 12:00","2023/4/23 23:59",0,0,0,0,1
787,99,2000.0,7005,100,1,-1,"2023/4/16 12:00","2023/4/23 23:59",0,0,0,0,1
788,100,2000.0,8004,100,1,-1,"2023/4/14 5:00","2023/4/28 4:59",0,0,0,0,1
789,101,2000.0,8005,100,1,-1,"2023/4/14 5:00","2023/4/28 4:59",0,0,0,0,1
790,34,2000.0,103,30,1,-1,"2023/4/23 5:00","2023/5/5 4:59",0,0,0,0,1
791,44,2000.0,103,40,1,-1,"2023/4/23 5:00","2023/5/5 4:59",0,0,0,0,1
792,31,3000.0,101,30,1,-1,"2023/5/3 5:00","2023/5/7 4:59",0,0,0,0,1
793,41,3000.0,101,40,1,-1,"2023/5/3 5:00","2023/5/7 4:59",0,0,0,0,1
794,32,3000.0,102,30,1,-1,"2023/4/30 5:00","2023/5/3 4:59",0,0,0,0,1
795,42,3000.0,102,40,1,-1,"2023/4/30 5:00","2023/5/3 4:59",0,0,0,0,1
796,39,3000.0,111,30,1,-1,"2023/5/7 5:00","2023/5/10 4:59",0,0,0,0,1
797,49,3000.0,111,40,1,-1,"2023/5/7 5:00","2023/5/10 4:59",0,0,0,0,1
798,31,2000.0,101,30,1,-1,"2023/5/13 5:00","2023/5/18 4:59",0,0,0,0,1
799,41,2000.0,101,40,1,-1,"2023/5/13 5:00","2023/5/18 4:59",0,0,0,0,1
800,32,2000.0,102,30,1,-1,"2023/5/10 5:00","2023/5/13 4:59",0,0,0,0,1
801,42,2000.0,102,40,1,-1,"2023/5/10 5:00","2023/5/13 4:59",0,0,0,0,1
802,37,2000.0,109,30,1,-1,"2023/5/10 5:00","2023/5/15 4:59",0,0,0,0,1
803,38,2000.0,112,30,1,-1,"2023/5/10 5:00","2023/5/15 4:59",0,0,0,0,1
804,45,2000.0,104,40,1,-1,"2023/5/10 5:00","2023/5/23 4:59",0,0,0,0,1
805,91,2000.0,101,100,1,-1,"2023/5/1 5:00","2023/5/10 4:59",0,0,0,0,1
806,92,2000.0,102,100,1,-1,"2023/5/1 5:00","2023/5/10 4:59",0,0,0,0,1
807,93,2000.0,111,100,1,-1,"2023/5/1 5:00","2023/5/10 4:59",0,0,0,0,1
808,94,2000.0,109,100,1,-1,"2023/5/1 5:00","2023/5/10 4:59",0,0,0,0,1
809,95,2000.0,112,100,1,-1,"2023/5/1 5:00","2023/5/10 4:59",0,0,0,0,1
810,100,2000.0,8004,100,1,-1,"2023/5/1 5:00","2023/5/10 4:59",0,0,0,0,1
811,101,2000.0,8005,100,1,-1,"2023/5/1 5:00","2023/5/10 4:59",0,0,0,0,1
812,96,2000.0,6004,100,1,-1,"2023/5/1 5:00","2023/5/10 4:59",0,0,0,0,1
813,97,2000.0,6005,100,1,-1,"2023/5/1 5:00","2023/5/10 4:59",0,0,0,0,1
814,151,2000.0,6004,80,1,-1,"2023/4/28 11:00","2023/5/12 23:59",0,0,0,0,1
815,152,2000.0,6005,80,1,-1,"2023/4/28 11:00","2023/5/12 23:59",0,0,0,0,1
816,31,2000.0,101,30,1,-1,"2023/5/26 5:00","2023/5/31 4:59",0,0,0,0,1
817,41,2000.0,101,40,1,-1,"2023/5/26 5:00","2023/5/31 4:59",0,0,0,0,1
818,37,2000.0,109,30,1,-1,"2023/5/19 5:00","2023/5/22 4:59",0,0,0,0,1
819,37,2000.0,109,30,1,-1,"2023/5/26 5:00","2023/5/31 4:59",0,0,0,0,1
820,38,2000.0,112,30,1,-1,"2023/5/26 5:00","2023/5/31 4:59",0,0,0,0,1
821,34,2000.0,103,30,1,-1,"2023/5/18 5:00","2023/5/23 4:59",0,0,0,0,1
822,44,2000.0,103,40,1,-1,"2023/5/18 5:00","2023/5/23 4:59",0,0,0,0,1
823,34,2000.0,103,30,1,-1,"2023/5/26 5:00","2023/6/6 4:59",0,0,0,0,1
824,44,2000.0,103,40,1,-1,"2023/5/26 5:00","2023/6/6 4:59",0,0,0,0,1
825,81,2000.0,101,80,1,-1,"2023/5/23 5:00","2023/5/29 4:59",0,0,0,0,1
826,82,2000.0,102,80,1,-1,"2023/5/23 5:00","2023/5/29 4:59",0,0,0,0,1
827,83,2000.0,111,80,1,-1,"2023/5/23 5:00","2023/5/29 4:59",0,0,0,0,1
828,84,2000.0,109,80,1,-1,"2023/5/23 5:00","2023/5/29 4:59",0,0,0,0,1
829,85,2000.0,112,80,1,-1,"2023/5/23 5:00","2023/5/29 4:59",0,0,0,0,1
830,351,2000.0,8004,80,1,-1,"2023/5/23 5:00","2023/5/29 4:59",0,0,0,0,1
831,352,2000.0,8005,80,1,-1,"2023/5/23 5:00","2023/5/29 4:59",0,0,0,0,1
832,251,2000.0,7004,80,1,-1,"2023/5/16 12:00","2023/5/23 23:59",0,0,0,0,1
833,252,2000.0,7005,80,1,-1,"2023/5/16 12:00","2023/5/23 23:59",0,0,0,0,1
834,31,2000.0,101,30,1,-1,"2023/6/9 5:00","2023/6/13 4:59",0,0,0,0,1
835,41,2000.0,101,40,1,-1,"2023/6/9 5:00","2023/6/13 4:59",0,0,0,0,1
836,31,2000.0,101,30,1,-1,"2023/6/16 5:00","2023/6/21 4:59",0,0,0,0,1
837,41,2000.0,101,40,1,-1,"2023/6/16 5:00","2023/6/21 4:59",0,0,0,0,1
838,39,2000.0,111,30,1,-1,"2023/6/6 5:00","2023/6/9 4:59",0,0,0,0,1
839,49,2000.0,111,40,1,-1,"2023/6/6 5:00","2023/6/9 4:59",0,0,0,0,1
840,32,2000.0,102,30,1,-1,"2023/6/13 5:00","2023/6/16 4:59",0,0,0,0,1
841,42,2000.0,102,40,1,-1,"2023/6/13 5:00","2023/6/16 4:59",0,0,0,0,1
842,37,2000.0,109,30,1,-1,"2023/6/13 5:00","2023/6/16 4:59",0,0,0,0,1
843,38,2000.0,112,30,1,-1,"2023/6/13 5:00","2023/6/16 4:59",0,0,0,0,1
844,45,2000.0,104,40,1,-1,"2023/6/13 5:00","2023/6/25 4:59",0,0,0,0,1
845,34,2000.0,103,30,1,-1,"2023/6/13 5:00","2023/6/16 4:59",0,0,0,0,1
846,44,2000.0,103,40,1,-1,"2023/6/13 5:00","2023/6/16 4:59",0,0,0,0,1
847,151,2000.0,6004,80,1,-1,"2023/5/31 11:00","2023/6/14 23:59",0,0,0,0,1
848,152,2000.0,6005,80,1,-1,"2023/5/31 11:00","2023/6/14 23:59",0,0,0,0,1
849,31,2000.0,101,30,1,-1,"2023/6/25 5:00","2023/6/30 4:59",0,0,0,0,1
850,41,2000.0,101,40,1,-1,"2023/6/25 5:00","2023/6/30 4:59",0,0,0,0,1
851,32,2000.0,102,30,1,-1,"2023/6/21 5:00","2023/6/25 4:59",0,0,0,0,1
852,42,2000.0,102,40,1,-1,"2023/6/21 5:00","2023/6/25 4:59",0,0,0,0,1
853,37,2000.0,109,30,1,-1,"2023/6/19 5:00","2023/6/22 4:59",0,0,0,0,1
854,37,2000.0,109,30,1,-1,"2023/6/25 5:00","2023/6/30 4:59",0,0,0,0,1
855,38,2000.0,112,30,1,-1,"2023/6/25 5:00","2023/6/30 4:59",0,0,0,0,1
856,34,2000.0,103,30,1,-1,"2023/6/25 5:00","2023/7/6 4:59",0,0,0,0,1
857,44,2000.0,103,40,1,-1,"2023/6/25 5:00","2023/7/6 4:59",0,0,0,0,1
858,81,2000.0,101,80,1,-1,"2023/6/23 5:00","2023/6/29 4:59",0,0,0,0,1
859,82,2000.0,102,80,1,-1,"2023/6/23 5:00","2023/6/29 4:59",0,0,0,0,1
860,83,2000.0,111,80,1,-1,"2023/6/23 5:00","2023/6/29 4:59",0,0,0,0,1
861,84,2000.0,109,80,1,-1,"2023/6/23 5:00","2023/6/29 4:59",0,0,0,0,1
862,85,2000.0,112,80,1,-1,"2023/6/23 5:00","2023/6/29 4:59",0,0,0,0,1
863,351,2000.0,8004,80,1,-1,"2023/6/23 5:00","2023/6/29 4:59",0,0,0,0,1
864,352,2000.0,8005,80,1,-1,"2023/6/23 5:00","2023/6/29 4:59",0,0,0,0,1
865,251,2000.0,7004,80,1,-1,"2023/6/18 12:00","2023/6/25 23:59",0,0,0,0,1
866,252,2000.0,7005,80,1,-1,"2023/6/18 12:00","2023/6/25 23:59",0,0,0,0,1
867,151,2000.0,6004,80,1,-1,"2023/6/30 11:00","2023/7/14 23:59",0,0,0,0,1
868,152,2000.0,6005,80,1,-1,"2023/6/30 11:00","2023/7/14 23:59",0,0,0,0,1
869,32,2000.0,102,30,1,-1,"2023/7/6 5:00","2023/7/9 4:59",0,0,0,0,1
870,42,2000.0,102,40,1,-1,"2023/7/6 5:00","2023/7/9 4:59",0,0,0,0,1
871,31,3000.0,101,30,1,-1,"2023/7/9 5:00","2023/7/17 4:59",0,0,0,0,1
872,41,3000.0,101,40,1,-1,"2023/7/9 5:00","2023/7/17 4:59",0,0,0,0,1
873,37,2000.0,109,30,1,-1,"2023/7/13 5:00","2023/7/16 4:59",0,0,0,0,1
874,38,2000.0,112,30,1,-1,"2023/7/13 5:00","2023/7/16 4:59",0,0,0,0,1
875,34,2000.0,103,30,1,-1,"2023/7/13 5:00","2023/7/16 4:59",0,0,0,0,1
876,44,2000.0,103,40,1,-1,"2023/7/13 5:00","2023/7/16 4:59",0,0,0,0,1
877,45,2000.0,104,40,1,-1,"2023/7/13 5:00","2023/7/25 4:59",0,0,0,0,1
878,32,2000.0,102,30,1,-1,"2023/7/21 5:00","2023/7/25 4:59",0,0,0,0,1
879,42,2000.0,102,40,1,-1,"2023/7/21 5:00","2023/7/25 4:59",0,0,0,0,1
880,39,2000.0,111,30,1,-1,"2023/7/17 5:00","2023/7/21 4:59",0,0,0,0,1
881,49,2000.0,111,40,1,-1,"2023/7/17 5:00","2023/7/21 4:59",0,0,0,0,1
882,31,3000.0,101,30,1,-1,"2023/7/25 5:00","2023/7/31 4:59",0,0,0,0,1
883,41,3000.0,101,40,1,-1,"2023/7/25 5:00","2023/7/31 4:59",0,0,0,0,1
884,37,2000.0,109,30,1,-1,"2023/7/19 5:00","2023/7/22 4:59",0,0,0,0,1
885,37,2000.0,109,30,1,-1,"2023/7/25 5:00","2023/7/31 4:59",0,0,0,0,1
886,38,2000.0,112,30,1,-1,"2023/7/25 5:00","2023/7/31 4:59",0,0,0,0,1
887,34,2000.0,103,30,1,-1,"2023/7/25 5:00","2023/8/5 4:59",0,0,0,0,1
888,44,2000.0,103,40,1,-1,"2023/7/25 5:00","2023/8/5 4:59",0,0,0,0,1
889,81,2000.0,101,80,1,-1,"2023/7/24 5:00","2023/7/30 4:59",0,0,0,0,1
890,82,2000.0,102,80,1,-1,"2023/7/24 5:00","2023/7/30 4:59",0,0,0,0,1
891,83,2000.0,111,80,1,-1,"2023/7/24 5:00","2023/7/30 4:59",0,0,0,0,1
892,84,2000.0,109,80,1,-1,"2023/7/24 5:00","2023/7/30 4:59",0,0,0,0,1
893,85,2000.0,112,80,1,-1,"2023/7/24 5:00","2023/7/30 4:59",0,0,0,0,1
894,351,2000.0,8004,80,1,-1,"2023/7/24 5:00","2023/7/30 4:59",0,0,0,0,1
895,352,2000.0,8005,80,1,-1,"2023/7/24 5:00","2023/7/30 4:59",0,0,0,0,1
896,251,2000.0,7004,80,1,-1,"2023/7/18 12:00","2023/7/25 23:59",0,0,0,0,1
897,252,2000.0,7005,80,1,-1,"2023/7/18 12:00","2023/7/25 23:59",0,0,0,0,1
898,39,2000.0,111,30,1,-1,"2023/8/5 5:00","2023/8/9 4:59",0,0,0,0,1
899,49,2000.0,111,40,1,-1,"2023/8/5 5:00","2023/8/9 4:59",0,0,0,0,1
900,31,2000.0,101,30,1,-1,"2023/8/9 5:00","2023/8/12 4:59",0,0,0,0,1
901,41,2000.0,101,40,1,-1,"2023/8/9 5:00","2023/8/12 4:59",0,0,0,0,1
902,31,4000.0,101,30,1,-1,"2023/8/15 5:00","2023/8/22 4:59",0,0,0,0,1
903,41,4000.0,101,40,1,-1,"2023/8/15 5:00","2023/8/22 4:59",0,0,0,0,1
904,32,2000.0,102,30,1,-1,"2023/8/12 5:00","2023/8/15 4:59",0,0,0,0,1
905,42,2000.0,102,40,1,-1,"2023/8/12 5:00","2023/8/15 4:59",0,0,0,0,1
906,45,2000.0,104,40,1,-1,"2023/8/9 5:00","2023/8/20 4:59",0,0,0,0,1
907,34,3000.0,103,30,1,-1,"2023/8/15 5:00","2023/8/20 4:59",0,0,0,0,1
908,44,3000.0,103,40,1,-1,"2023/8/15 5:00","2023/8/20 4:59",0,0,0,0,1
909,151,2000.0,6004,80,1,-1,"2023/7/31 11:00","2023/8/14 23:59",0,0,0,0,1
910,152,2000.0,6005,80,1,-1,"2023/7/31 11:00","2023/8/14 23:59",0,0,0,0,1
911,39,3000.0,111,30,1,-1,"2023/8/28 5:00","2023/9/1 4:59",0,0,0,0,1
912,49,3000.0,111,40,1,-1,"2023/8/28 5:00","2023/9/1 4:59",0,0,0,0,1
913,32,3000.0,102,30,1,-1,"2023/8/22 5:00","2023/8/28 4:59",0,0,0,0,1
914,42,3000.0,102,40,1,-1,"2023/8/22 5:00","2023/8/28 4:59",0,0,0,0,1
915,37,3000.0,109,30,1,-1,"2023/8/20 5:00","2023/8/25 4:59",0,0,0,0,1
916,38,3000.0,112,30,1,-1,"2023/8/20 5:00","2023/8/25 4:59",0,0,0,0,1
917,91,2000.0,101,100,1,-1,"2023/8/20 5:00","2023/9/4 4:59",0,0,0,0,1
918,92,2000.0,102,100,1,-1,"2023/8/20 5:00","2023/9/4 4:59",0,0,0,0,1
919,93,2000.0,111,100,1,-1,"2023/8/20 5:00","2023/9/4 4:59",0,0,0,0,1
920,94,2000.0,109,100,1,-1,"2023/8/20 5:00","2023/9/4 4:59",0,0,0,0,1
921,95,2000.0,112,100,1,-1,"2023/8/20 5:00","2023/9/4 4:59",0,0,0,0,1
922,98,2000.0,7004,100,1,-1,"2023/8/20 5:00","2023/8/25 23:59",0,0,0,0,1
923,99,2000.0,7005,100,1,-1,"2023/8/20 5:00","2023/8/25 23:59",0,0,0,0,1
924,100,2000.0,8004,100,1,-1,"2023/8/20 5:00","2023/9/4 4:59",0,0,0,0,1
925,101,2000.0,8005,100,1,-1,"2023/8/20 5:00","2023/9/4 4:59",0,0,0,0,1
926,251,2000.0,7004,80,1,-1,"2023/8/18 12:00","2023/8/25 23:59",0,0,0,0,1
927,252,2000.0,7005,80,1,-1,"2023/8/18 12:00","2023/8/25 23:59",0,0,0,0,1
928,34,2000.0,103,30,1,-1,"2023/8/28 5:00","2023/9/8 4:59",0,0,0,0,1
929,44,2000.0,103,40,1,-1,"2023/8/28 5:00","2023/9/8 4:59",0,0,0,0,1
930,31,2000.0,101,30,1,-1,"2023/8/28 5:00","2023/8/31 4:59",0,0,0,0,1
931,41,2000.0,101,40,1,-1,"2023/8/28 5:00","2023/8/31 4:59",0,0,0,0,1
932,31,2000.0,101,30,1,-1,"2023/9/4 5:00","2023/9/8 4:59",0,0,0,0,1
933,41,2000.0,101,40,1,-1,"2023/9/4 5:00","2023/9/8 4:59",0,0,0,0,1
934,32,2000.0,102,30,1,-1,"2023/9/12 5:00","2023/9/15 4:59",0,0,0,0,1
935,42,2000.0,102,40,1,-1,"2023/9/12 5:00","2023/9/15 4:59",0,0,0,0,1
936,31,3000.0,101,30,1,-1,"2023/9/15 5:00","2023/9/20 4:59",0,0,0,0,1
937,41,2000.0,101,40,1,-1,"2023/9/15 5:00","2023/9/20 4:59",0,0,0,0,1
938,39,2000.0,111,30,1,-1,"2023/9/8 5:00","2023/9/12 4:59",0,0,0,0,1
939,49,2000.0,111,40,1,-1,"2023/9/8 5:00","2023/9/12 4:59",0,0,0,0,1
940,37,2000.0,109,30,1,-1,"2023/9/8 5:00","2023/9/12 4:59",0,0,0,0,1
941,38,2000.0,112,30,1,-1,"2023/9/8 5:00","2023/9/12 4:59",0,0,0,0,1
942,45,2000.0,104,40,1,-1,"2023/9/8 5:00","2023/9/21 4:59",0,0,0,0,1
943,34,2000.0,103,30,1,-1,"2023/9/12 5:00","2023/9/15 4:59",0,0,0,0,1
944,44,2000.0,103,40,1,-1,"2023/9/12 5:00","2023/9/15 4:59",0,0,0,0,1
945,151,2000.0,6004,80,1,-1,"2023/8/31 11:00","2023/9/14 23:59",0,0,0,0,1
946,152,2000.0,6005,80,1,-1,"2023/8/31 11:00","2023/9/14 23:59",0,0,0,0,1
947,96,2000.0,6004,100,1,-1,"2023/8/31 11:00","2023/9/4 4:59",0,0,0,0,1
948,97,2000.0,6005,100,1,-1,"2023/8/31 11:00","2023/9/4 4:59",0,0,0,0,1
949,32,2000.0,102,30,1,-1,"2023/9/20 5:00","2023/9/24 4:59",0,0,0,0,1
950,42,2000.0,102,40,1,-1,"2023/9/20 5:00","2023/9/24 4:59",0,0,0,0,1
951,37,2000.0,109,30,1,-1,"2023/9/19 5:00","2023/9/22 4:59",0,0,0,0,1
952,31,2000.0,101,30,1,-1,"2023/9/25 5:00","2023/10/2 4:59",0,0,0,0,1
953,41,2000.0,101,40,1,-1,"2023/9/25 5:00","2023/10/2 4:59",0,0,0,0,1
954,37,2000.0,109,30,1,-1,"2023/9/25 5:00","2023/10/2 4:59",0,0,0,0,1
955,38,2000.0,112,30,1,-1,"2023/9/25 5:00","2023/10/2 4:59",0,0,0,0,1
956,34,2000.0,103,30,1,-1,"2023/9/25 5:00","2023/10/7 4:59",0,0,0,0,1
957,44,2000.0,103,40,1,-1,"2023/9/25 5:00","2023/10/7 4:59",0,0,0,0,1
958,81,2000.0,101,80,1,-1,"2023/9/24 5:00","2023/9/30 4:59",0,0,0,0,1
959,82,2000.0,102,80,1,-1,"2023/9/24 5:00","2023/9/30 4:59",0,0,0,0,1
960,83,2000.0,111,80,1,-1,"2023/9/24 5:00","2023/9/30 4:59",0,0,0,0,1
961,84,2000.0,109,80,1,-1,"2023/9/24 5:00","2023/9/30 4:59",0,0,0,0,1
962,85,2000.0,112,80,1,-1,"2023/9/24 5:00","2023/9/30 4:59",0,0,0,0,1
963,351,2000.0,8004,80,1,-1,"2023/9/24 5:00","2023/9/30 4:59",0,0,0,0,1
964,352,2000.0,8005,80,1,-1,"2023/9/24 5:00","2023/9/30 4:59",0,0,0,0,1
965,251,2000.0,7004,80,1,-1,"2023/9/17 12:00","2023/9/24 23:59",0,0,0,0,1
966,252,2000.0,7005,80,1,-1,"2023/9/17 12:00","2023/9/24 23:59",0,0,0,0,1
967,32,2000.0,102,30,1,-1,"2023/10/2 5:00","2023/10/6 4:59",0,0,0,0,1
968,42,2000.0,102,40,1,-1,"2023/10/2 5:00","2023/10/6 4:59",0,0,0,0,1
969,31,2000.0,101,30,1,-1,"2023/10/6 5:00","2023/10/10 4:59",0,0,0,0,1
970,41,2000.0,101,40,1,-1,"2023/10/6 5:00","2023/10/10 4:59",0,0,0,0,1
971,39,2000.0,111,30,1,-1,"2023/10/10 5:00","2023/10/15 4:59",0,0,0,0,1
972,49,2000.0,111,40,1,-1,"2023/10/10 5:00","2023/10/15 4:59",0,0,0,0,1
973,37,2000.0,109,30,1,-1,"2023/10/10 5:00","2023/10/15 4:59",0,0,0,0,1
974,38,2000.0,112,30,1,-1,"2023/10/10 5:00","2023/10/15 4:59",0,0,0,0,1
975,45,2000.0,104,40,1,-1,"2023/10/6 5:00","2023/10/20 4:59",0,0,0,0,1
976,151,2000.0,6004,80,1,-1,"2023/9/30 11:00","2023/10/14 23:59",0,0,0,0,1
977,152,2000.0,6005,80,1,-1,"2023/9/30 11:00","2023/10/14 23:59",0,0,0,0,1
978,31,3000.0,101,30,1,-1,"2023/10/15 5:00","2023/10/20 4:59",0,0,0,0,1
979,41,2000.0,101,40,1,-1,"2023/10/15 5:00","2023/10/20 4:59",0,0,0,0,1
980,31,2000.0,101,30,1,-1,"2023/10/26 5:00","2023/10/31 4:59",0,0,0,0,1
981,41,2000.0,101,40,1,-1,"2023/10/26 5:00","2023/10/31 4:59",0,0,0,0,1
982,32,2000.0,102,30,1,-1,"2023/10/20 5:00","2023/10/26 4:59",0,0,0,0,1
983,42,2000.0,102,40,1,-1,"2023/10/20 5:00","2023/10/26 4:59",0,0,0,0,1
984,32,3000.0,102,30,1,-1,"2023/10/31 5:00","2023/11/5 4:59",0,0,0,0,1
985,42,3000.0,102,40,1,-1,"2023/10/31 5:00","2023/11/5 4:59",0,0,0,0,1
986,37,2000.0,109,30,1,-1,"2023/10/20 5:00","2023/10/24 4:59",0,0,0,0,1
987,37,2000.0,109,30,1,-1,"2023/10/26 5:00","2023/10/31 4:59",0,0,0,0,1
988,38,2000.0,112,30,1,-1,"2023/10/26 5:00","2023/10/31 4:59",0,0,0,0,1
989,34,2000.0,103,30,1,-1,"2023/10/26 5:00","2023/11/6 4:59",0,0,0,0,1
990,44,2000.0,103,40,1,-1,"2023/10/26 5:00","2023/11/6 4:59",0,0,0,0,1
991,81,2000.0,101,80,1,-1,"2023/10/24 5:00","2023/10/31 4:59",0,0,0,0,1
992,82,2000.0,102,80,1,-1,"2023/10/24 5:00","2023/10/31 4:59",0,0,0,0,1
993,83,2000.0,111,80,1,-1,"2023/10/24 5:00","2023/10/31 4:59",0,0,0,0,1
994,84,2000.0,109,80,1,-1,"2023/10/24 5:00","2023/10/31 4:59",0,0,0,0,1
995,85,2000.0,112,80,1,-1,"2023/10/24 5:00","2023/10/31 4:59",0,0,0,0,1
996,351,2000.0,8004,80,1,-1,"2023/10/24 5:00","2023/10/31 4:59",0,0,0,0,1
997,352,2000.0,8005,80,1,-1,"2023/10/24 5:00","2023/10/31 4:59",0,0,0,0,1
998,251,2000.0,7004,80,1,-1,"2023/10/18 12:00","2023/10/25 23:59",0,0,0,0,1
999,252,2000.0,7005,80,1,-1,"2023/10/18 12:00","2023/10/25 23:59",0,0,0,0,1
1000,31,4000.0,101,30,1,-1,"2023/11/5 5:00","2023/11/10 4:59",0,0,0,0,1
1001,41,2000.0,101,40,1,-1,"2023/11/5 5:00","2023/11/10 4:59",0,0,0,0,1
1002,31,3000.0,101,30,1,-1,"2023/11/15 5:00","2023/11/19 4:59",0,0,0,0,1
1003,41,2000.0,101,40,1,-1,"2023/11/15 5:00","2023/11/19 4:59",0,0,0,0,1
1004,39,3000.0,111,30,1,-1,"2023/11/10 5:00","2023/11/15 4:59",0,0,0,0,1
1005,49,3000.0,111,40,1,-1,"2023/11/10 5:00","2023/11/15 4:59",0,0,0,0,1
1006,37,3000.0,109,30,1,-1,"2023/11/10 5:00","2023/11/15 4:59",0,0,0,0,1
1007,38,3000.0,112,30,1,-1,"2023/11/10 5:00","2023/11/15 4:59",0,0,0,0,1
1008,151,2000.0,6004,80,1,-1,"2023/10/31 11:00","2023/11/14 23:59",0,0,0,0,1
1009,152,2000.0,6005,80,1,-1,"2023/10/31 11:00","2023/11/14 23:59",0,0,0,0,1
1010,45,2000.0,104,40,1,-1,"2023/11/17 5:00","2023/12/1 4:59",0,0,0,0,1
1011,32,2000.0,102,30,1,-1,"2023/11/19 5:00","2023/11/25 4:59",0,0,0,0,1
1012,42,2000.0,102,40,1,-1,"2023/11/19 5:00","2023/11/25 4:59",0,0,0,0,1
1013,31,2000.0,101,30,1,-1,"2023/11/25 5:00","2023/12/1 4:59",0,0,0,0,1
1014,41,2000.0,101,40,1,-1,"2023/11/25 5:00","2023/12/1 4:59",0,0,0,0,1
1015,37,2000.0,109,30,1,-1,"2023/11/25 5:00","2023/12/1 4:59",0,0,0,0,1
1016,38,2000.0,112,30,1,-1,"2023/11/25 5:00","2023/12/1 4:59",0,0,0,0,1
1017,34,2000.0,103,30,1,-1,"2023/11/25 5:00","2023/12/6 4:59",0,0,0,0,1
1018,44,2000.0,103,40,1,-1,"2023/11/25 5:00","2023/12/6 4:59",0,0,0,0,1
1019,81,2000.0,101,80,1,-1,"2023/11/23 5:00","2023/12/1 4:59",0,0,0,0,1
1020,82,2000.0,102,80,1,-1,"2023/11/23 5:00","2023/12/1 4:59",0,0,0,0,1
1021,83,2000.0,111,80,1,-1,"2023/11/23 5:00","2023/12/1 4:59",0,0,0,0,1
1022,84,2000.0,109,80,1,-1,"2023/11/23 5:00","2023/12/1 4:59",0,0,0,0,1
1023,85,2000.0,112,80,1,-1,"2023/11/23 5:00","2023/12/1 4:59",0,0,0,0,1
1024,351,2000.0,8004,80,1,-1,"2023/11/23 5:00","2023/12/1 4:59",0,0,0,0,1
1025,352,2000.0,8005,80,1,-1,"2023/11/23 5:00","2023/12/1 4:59",0,0,0,0,1
1026,251,2000.0,7004,80,1,-1,"2023/11/18 12:00","2023/11/25 23:59",0,0,0,0,1
1027,252,2000.0,7005,80,1,-1,"2023/11/18 12:00","2023/11/25 23:59",0,0,0,0,1
1028,32,2000.0,102,30,1,-1,"2023/12/1 5:00","2023/12/6 4:59",0,0,0,0,1
1029,42,2000.0,102,40,1,-1,"2023/12/1 5:00","2023/12/6 4:59",0,0,0,0,1
1030,31,2000.0,101,30,1,-1,"2023/12/6 5:00","2023/12/11 4:59",0,0,0,0,1
1031,41,2000.0,101,40,1,-1,"2023/12/6 5:00","2023/12/11 4:59",0,0,0,0,1
1032,39,2000.0,111,30,1,-1,"2023/12/11 5:00","2023/12/15 4:59",0,0,0,0,1
1033,49,2000.0,111,40,1,-1,"2023/12/11 5:00","2023/12/15 4:59",0,0,0,0,1
1034,31,3000.0,101,30,1,-1,"2023/12/15 5:00","2023/12/20 4:59",0,0,0,0,1
1035,41,2000.0,101,40,1,-1,"2023/12/15 5:00","2023/12/20 4:59",0,0,0,0,1
1036,45,2000.0,104,40,1,-1,"2023/12/15 5:00","2023/12/31 4:59",0,0,0,0,1
1037,151,2000.0,6004,80,1,-1,"2023/11/30 11:00","2023/12/14 23:59",0,0,0,0,1
1038,152,2000.0,6005,80,1,-1,"2023/11/30 11:00","2023/12/14 23:59",0,0,0,0,1
1039,32,2000.0,102,30,1,-1,"2023/12/20 5:00","2023/12/26 4:59",0,0,0,0,1
1040,42,2000.0,102,40,1,-1,"2023/12/20 5:00","2023/12/26 4:59",0,0,0,0,1
1041,37,2000.0,109,30,1,-1,"2023/12/20 5:00","2023/12/24 4:59",0,0,0,0,1
1042,81,2000.0,101,80,1,-1,"2023/12/22 5:00","2023/12/29 4:59",0,0,0,0,1
1043,82,2000.0,102,80,1,-1,"2023/12/22 5:00","2023/12/29 4:59",0,0,0,0,1
1044,83,2000.0,111,80,1,-1,"2023/12/22 5:00","2023/12/29 4:59",0,0,0,0,1
1045,84,2000.0,109,80,1,-1,"2023/12/22 5:00","2023/12/29 4:59",0,0,0,0,1
1046,85,2000.0,112,80,1,-1,"2023/12/22 5:00","2023/12/29 4:59",0,0,0,0,1
1047,351,2000.0,8004,80,1,-1,"2023/12/22 5:00","2023/12/29 4:59",0,0,0,0,1
1048,352,2000.0,8005,80,1,-1,"2023/12/22 5:00","2023/12/29 4:59",0,0,0,0,1
1049,37,2000.0,109,30,1,-1,"2023/12/24 5:00","2023/12/29 4:59",0,0,0,0,1
1050,38,2000.0,112,30,1,-1,"2023/12/24 5:00","2023/12/29 4:59",0,0,0,0,1
1051,34,2000.0,103,30,1,-1,"2023/12/24 5:00","2024/1/4 4:59",0,0,0,0,1
1052,44,2000.0,103,40,1,-1,"2023/12/24 5:00","2024/1/4 4:59",0,0,0,0,1
1053,31,2000.0,101,30,1,-1,"2023/12/26 5:00","2023/12/31 4:59",0,0,0,0,1
1054,41,2000.0,101,40,1,-1,"2023/12/26 5:00","2023/12/31 4:59",0,0,0,0,1
1055,251,2000.0,7004,80,1,-1,"2023/12/17 12:00","2023/12/24 23:59",0,0,0,0,1
1056,252,2000.0,7005,80,1,-1,"2023/12/17 12:00","2023/12/24 23:59",0,0,0,0,1
1057,32,2000.0,102,30,1,-1,"2023/12/31 5:00","2024/1/6 4:59",0,0,0,0,1
1058,42,2000.0,102,40,1,-1,"2023/12/31 5:00","2024/1/6 4:59",0,0,0,0,1
1059,31,2000.0,101,30,1,-1,"2024/1/6 5:00","2024/1/11 4:59",0,0,0,0,1
1060,41,2000.0,101,40,1,-1,"2024/1/6 5:00","2024/1/11 4:59",0,0,0,0,1
1061,39,2000.0,111,30,1,-1,"2024/1/11 5:00","2024/1/15 4:59",0,0,0,0,1
1062,49,2000.0,111,40,1,-1,"2024/1/11 5:00","2024/1/15 4:59",0,0,0,0,1
1063,31,3000.0,101,30,1,-1,"2024/1/15 5:00","2024/1/20 4:59",0,0,0,0,1
1064,41,2000.0,101,40,1,-1,"2024/1/15 5:00","2024/1/20 4:59",0,0,0,0,1
1065,151,2000.0,6004,80,1,-1,"2023/12/29 11:00","2024/1/12 23:59",0,0,0,0,1
1066,152,2000.0,6005,80,1,-1,"2023/11/30 11:00","2024/1/12 23:59",0,0,0,0,1
1067,31,2000.0,101,30,1,-1,"2024/1/26 5:00","2024/2/1 4:59",0,0,0,0,1
1068,41,2000.0,101,40,1,-1,"2024/1/26 5:00","2024/2/1 4:59",0,0,0,0,1
1069,32,2000.0,102,30,1,-1,"2024/1/20 5:00","2024/1/26 4:59",0,0,0,0,1
1070,42,2000.0,102,40,1,-1,"2024/1/20 5:00","2024/1/26 4:59",0,0,0,0,1
1071,37,2000.0,109,30,1,-1,"2024/1/20 5:00","2024/1/24 4:59",0,0,0,0,1
1072,37,2000.0,109,30,1,-1,"2024/1/26 5:00","2024/2/1 4:59",0,0,0,0,1
1073,38,2000.0,112,30,1,-1,"2024/1/26 5:00","2024/2/1 4:59",0,0,0,0,1
1074,45,2000.0,104,40,1,-1,"2024/1/20 5:00","2024/2/1 4:59",0,0,0,0,1
1075,34,2000.0,103,30,1,-1,"2024/1/26 5:00","2024/2/6 4:59",0,0,0,0,1
1076,44,2000.0,103,40,1,-1,"2024/1/26 5:00","2024/2/6 4:59",0,0,0,0,1
1077,81,2000.0,101,80,1,-1,"2024/1/24 5:00","2024/2/1 4:59",0,0,0,0,1
1078,82,2000.0,102,80,1,-1,"2024/1/24 5:00","2024/2/1 4:59",0,0,0,0,1
1079,83,2000.0,111,80,1,-1,"2024/1/24 5:00","2024/2/1 4:59",0,0,0,0,1
1080,84,2000.0,109,80,1,-1,"2024/1/24 5:00","2024/2/1 4:59",0,0,0,0,1
1081,85,2000.0,112,80,1,-1,"2024/1/24 5:00","2024/2/1 4:59",0,0,0,0,1
1082,351,2000.0,8004,80,1,-1,"2024/1/24 5:00","2024/2/1 4:59",0,0,0,0,1
1083,352,2000.0,8005,80,1,-1,"2024/1/24 5:00","2024/2/1 4:59",0,0,0,0,1
1084,251,2000.0,7004,80,1,-1,"2024/1/18 12:00","2024/1/25 23:59",0,0,0,0,1
1085,252,2000.0,7005,80,1,-1,"2024/1/18 12:00","2024/1/25 23:59",0,0,0,0,1
1086,32,2000.0,102,30,1,-1,"2024/2/1 5:00","2024/2/6 4:59",0,0,0,0,1
1087,42,2000.0,102,40,1,-1,"2024/2/1 5:00","2024/2/6 4:59",0,0,0,0,1
1088,31,3000.0,101,30,1,-1,"2024/2/6 5:00","2024/2/11 4:59",0,0,0,0,1
1089,41,3000.0,101,40,1,-1,"2024/2/6 5:00","2024/2/11 4:59",0,0,0,0,1
1090,31,4000.0,101,30,1,-1,"2024/2/16 5:00","2024/2/20 4:59",0,0,0,0,1
1091,41,2000.0,101,40,1,-1,"2024/2/16 5:00","2024/2/20 4:59",0,0,0,0,1
1092,39,3000.0,111,30,1,-1,"2024/2/11 5:00","2024/2/16 4:59",0,0,0,0,1
1093,49,3000.0,111,40,1,-1,"2024/2/11 5:00","2024/2/16 4:59",0,0,0,0,1
1094,91,2000.0,101,100,1,-1,"2024/2/16 5:00","2024/3/1 4:59",0,0,0,0,1
1095,92,2000.0,102,100,1,-1,"2024/2/16 5:00","2024/3/1 4:59",0,0,0,0,1
1096,93,2000.0,111,100,1,-1,"2024/2/16 5:00","2024/3/1 4:59",0,0,0,0,1
1097,94,2000.0,109,100,1,-1,"2024/2/16 5:00","2024/3/1 4:59",0,0,0,0,1
1098,95,2000.0,112,100,1,-1,"2024/2/16 5:00","2024/3/1 4:59",0,0,0,0,1
1099,98,2000.0,7004,100,1,-1,"2024/2/16 5:00","2024/2/22 23:59",0,0,0,0,1
1100,99,2000.0,7005,100,1,-1,"2024/2/16 5:00","2024/2/22 23:59",0,0,0,0,1
1101,100,2000.0,8004,100,1,-1,"2024/2/16 5:00","2024/3/1 4:59",0,0,0,0,1
1102,101,2000.0,8005,100,1,-1,"2024/2/16 5:00","2024/3/1 4:59",0,0,0,0,1
1103,96,2000.0,6004,100,1,-1,"2024/2/16 5:00","2024/2/20 23:59",0,0,0,0,1
1104,97,2000.0,6005,100,1,-1,"2024/2/16 5:00","2024/2/20 23:59",0,0,0,0,1
1105,34,4000.0,103,30,1,-1,"2024/2/16 5:00","2024/2/22 4:59",0,0,0,0,1
1106,44,4000.0,103,40,1,-1,"2024/2/16 5:00","2024/2/22 4:59",0,0,0,0,1
1107,151,2000.0,6004,80,1,-1,"2024/1/31 11:00","2024/2/20 23:59",0,0,0,0,1
1108,152,2000.0,6005,80,1,-1,"2024/1/31 11:00","2024/2/20 23:59",0,0,0,0,1
1109,251,2000.0,7004,80,1,-1,"2024/2/10 12:00","2024/2/22 23:59",0,0,0,0,1
1110,252,2000.0,7005,80,1,-1,"2024/2/10 12:00","2024/2/22 23:59",0,0,0,0,1
1111,32,4000.0,102,30,1,-1,"2024/2/20 5:00","2024/2/26 4:59",0,0,0,0,1
1112,42,4000.0,102,40,1,-1,"2024/2/20 5:00","2024/2/26 4:59",0,0,0,0,1
1113,39,4000.0,111,30,1,-1,"2024/2/26 5:00","2024/2/29 4:59",0,0,0,0,1
1114,49,4000.0,111,40,1,-1,"2024/2/26 5:00","2024/2/29 4:59",0,0,0,0,1
1115,37,4000.0,109,30,1,-1,"2024/2/26 5:00","2024/2/29 4:59",0,0,0,0,1
1116,38,4000.0,112,30,1,-1,"2024/2/26 5:00","2024/2/29 4:59",0,0,0,0,1
1117,31,4000.0,101,30,1,-1,"2024/2/29 5:00","2024/3/4 4:59",0,0,0,0,1
1118,41,2000.0,101,40,1,-1,"2024/2/29 5:00","2024/3/4 4:59",0,0,0,0,1
1119,32,2000.0,102,30,1,-1,"2024/3/4 5:00","2024/3/11 4:59",0,0,0,0,1
1120,42,2000.0,102,40,1,-1,"2024/3/4 5:00","2024/3/11 4:59",0,0,0,0,1
1121,39,2000.0,111,30,1,-1,"2024/3/11 5:00","2024/3/15 4:59",0,0,0,0,1
1122,49,2000.0,111,40,1,-1,"2024/3/11 5:00","2024/3/15 4:59",0,0,0,0,1
1123,31,3000.0,101,30,1,-1,"2024/3/15 5:00","2024/3/20 4:59",0,0,0,0,1
1124,41,2000.0,101,40,1,-1,"2024/3/15 5:00","2024/3/20 4:59",0,0,0,0,1
1125,151,2000.0,6004,80,1,-1,"2024/2/29 11:00","2024/3/14 23:59",0,0,0,0,1
1126,152,2000.0,6005,80,1,-1,"2024/2/29 11:00","2024/3/14 23:59",0,0,0,0,1
1127,31,3000.0,101,30,1,-1,"2024/4/15 5:00","2024/4/20 4:59",0,0,0,0,1
1128,41,2000.0,101,40,1,-1,"2024/4/15 5:00","2024/4/20 4:59",0,0,0,0,1
1129,45,2000.0,104,40,1,-1,"2024/4/15 5:00","2024/4/30 4:59",0,0,0,0,1
1130,32,3000.0,102,30,1,-1,"2024/4/30 5:00","2024/5/6 4:59",0,0,0,5,2
1131,42,2000.0,102,40,1,-1,"2024/4/30 5:00","2024/5/6 4:59",0,0,0,5,2
1132,12,0.0,102,11,1,-1,"2024/4/30 5:00","2024/5/6 4:59",0,0,0,1,2
1133,82,3000.0,102,81,1,-1,"2024/4/30 5:00","2024/5/6 4:59",0,0,0,1,2
1134,82,2000.0,102,80,1,-1,"2024/4/30 5:00","2024/5/6 4:59",0,0,0,2,2
1135,34,3000.0,103,30,1,-1,"2024/4/17 5:00","2024/4/23 4:59",0,0,0,0,1
1136,44,3000.0,103,40,1,-1,"2024/4/17 5:00","2024/4/23 4:59",0,0,0,0,1
1137,91,2000.0,101,100,1,-1,"2024/4/17 5:00","2024/4/25 4:59",0,0,0,0,1
1138,92,2000.0,102,100,1,-1,"2024/4/17 5:00","2024/4/25 4:59",0,0,0,0,1
1139,93,2000.0,111,100,1,-1,"2024/4/17 5:00","2024/4/25 4:59",0,0,0,0,1
1140,94,2000.0,109,100,1,-1,"2024/4/17 5:00","2024/4/25 4:59",0,0,0,0,1
1141,95,2000.0,112,100,1,-1,"2024/4/17 5:00","2024/4/25 4:59",0,0,0,0,1
1142,98,2000.0,7004,100,1,-1,"2024/4/18 5:00","2024/4/25 4:59",0,0,0,0,1
1143,99,2000.0,7005,100,1,-1,"2024/4/18 5:00","2024/4/25 4:59",0,0,0,0,1
1144,100,2000.0,8004,100,1,-1,"2024/4/17 5:00","2024/4/25 4:59",0,0,0,0,1
1145,101,2000.0,8005,100,1,-1,"2024/4/17 5:00","2024/4/25 4:59",0,0,0,0,1
1146,32,3000.0,102,30,1,-1,"2024/4/20 5:00","2024/4/25 4:59",0,0,0,0,1
1147,42,3000.0,102,40,1,-1,"2024/4/20 5:00","2024/4/25 4:59",0,0,0,0,1
1148,31,2000.0,101,30,1,-1,"2024/4/25 5:00","2024/4/30 4:59",0,0,0,0,1
1149,41,2000.0,101,40,1,-1,"2024/4/25 5:00","2024/4/30 4:59",0,0,0,0,1
1150,37,3000.0,109,30,1,-1,"2024/4/25 5:00","2024/4/30 4:59",0,0,0,0,1
1151,38,3000.0,112,30,1,-1,"2024/4/25 5:00","2024/4/30 4:59",0,0,0,0,1
1152,34,2000.0,103,30,1,-1,"2024/4/25 5:00","2024/5/6 4:59",0,0,0,0,1
1153,44,2000.0,103,40,1,-1,"2024/4/25 5:00","2024/5/6 4:59",0,0,0,0,1
1154,81,2000.0,101,80,1,-1,"2024/4/24 5:00","2024/4/30 4:59",0,0,0,0,1
1155,82,2000.0,102,80,1,-1,"2024/4/24 5:00","2024/4/30 4:59",0,0,0,0,1
1156,83,2000.0,111,80,1,-1,"2024/4/24 5:00","2024/4/30 4:59",0,0,0,0,1
1157,84,2000.0,109,80,1,-1,"2024/4/24 5:00","2024/4/30 4:59",0,0,0,0,1
1158,85,2000.0,112,80,1,-1,"2024/4/24 5:00","2024/4/30 4:59",0,0,0,0,1
1159,351,2000.0,8004,80,1,-1,"2024/4/24 5:00","2024/4/30 4:59",0,0,0,0,1
1160,352,2000.0,8005,80,1,-1,"2024/4/24 5:00","2024/4/30 4:59",0,0,0,0,1
1161,251,2000.0,7004,80,1,-1,"2024/4/18 12:00","2024/4/25 23:59",0,0,0,0,1
1162,252,2000.0,7005,80,1,-1,"2024/4/18 12:00","2024/4/25 23:59",0,0,0,0,1
1163,31,3000.0,101,30,1,-1,"2024/5/6 5:00","2024/5/11 4:59",0,0,0,6,2
1164,41,2000.0,101,40,1,-1,"2024/5/6 5:00","2024/5/11 4:59",0,0,0,6,2
1165,11,0.0,101,11,1,-1,"2024/5/6 5:00","2024/5/11 4:59",0,0,0,3,2
1166,81,3000.0,101,81,1,-1,"2024/5/6 5:00","2024/5/11 4:59",0,0,0,3,2
1167,81,2000.0,101,80,1,-1,"2024/5/6 5:00","2024/5/11 4:59",0,0,0,4,2
1168,39,2000.0,111,30,1,-1,"2024/5/11 5:00","2024/5/15 4:59",0,0,0,0,1
1169,49,2000.0,111,40,1,-1,"2024/5/11 5:00","2024/5/15 4:59",0,0,0,0,1
1170,37,2000.0,109,30,1,-1,"2024/5/11 5:00","2024/5/15 4:59",0,0,0,0,1
1171,38,2000.0,112,30,1,-1,"2024/5/11 5:00","2024/5/15 4:59",0,0,0,0,1
1172,31,3000.0,101,30,1,-1,"2024/5/15 5:00","2024/5/20 4:59",0,0,0,0,1
1173,41,2000.0,101,40,1,-1,"2024/5/15 5:00","2024/5/20 4:59",0,0,0,0,1
1174,45,2000.0,104,40,1,-1,"2024/5/15 5:00","2024/6/1 4:59",0,0,0,0,1
1175,151,2000.0,6004,80,1,-1,"2024/4/30 11:00","2024/5/14 23:59",0,0,0,0,1
1176,152,2000.0,6005,80,1,-1,"2024/4/30 11:00","2024/5/14 23:59",0,0,0,0,1
1177,32,2000.0,102,30,1,-1,"2024/5/20 5:00","2024/5/26 4:59",0,0,0,0,1
1178,42,2000.0,102,40,1,-1,"2024/5/20 5:00","2024/5/26 4:59",0,0,0,0,1
1179,81,2000.0,101,80,1,-1,"2024/5/24 5:00","2024/6/1 4:59",0,0,0,0,1
1180,82,2000.0,102,80,1,-1,"2024/5/24 5:00","2024/6/1 4:59",0,0,0,0,1
1181,83,2000.0,111,80,1,-1,"2024/5/24 5:00","2024/6/1 4:59",0,0,0,0,1
1182,84,2000.0,109,80,1,-1,"2024/5/24 5:00","2024/6/1 4:59",0,0,0,0,1
1183,85,2000.0,112,80,1,-1,"2024/5/24 5:00","2024/6/1 4:59",0,0,0,0,1
1184,351,2000.0,8004,80,1,-1,"2024/5/24 5:00","2024/6/1 4:59",0,0,0,0,1
1185,352,2000.0,8005,80,1,-1,"2024/5/24 5:00","2024/6/1 4:59",0,0,0,0,1
1186,31,2000.0,101,30,1,-1,"2024/5/26 5:00","2024/6/1 4:59",0,0,0,0,1
1187,41,2000.0,101,40,1,-1,"2024/5/26 5:00","2024/6/1 4:59",0,0,0,0,1
1188,37,2000.0,109,30,1,-1,"2024/5/26 5:00","2024/6/1 4:59",0,0,0,0,1
1189,38,2000.0,112,30,1,-1,"2024/5/26 5:00","2024/6/1 4:59",0,0,0,0,1
1190,34,2000.0,103,30,1,-1,"2024/5/26 5:00","2024/6/6 4:59",0,0,0,0,1
1191,44,2000.0,103,40,1,-1,"2024/5/26 5:00","2024/6/6 4:59",0,0,0,0,1
1192,91,2000.0,101,100,1,-1,"2024/5/26 5:00","2024/6/1 4:59",0,0,0,0,1
1193,92,2000.0,102,100,1,-1,"2024/5/26 5:00","2024/6/1 4:59",0,0,0,0,1
1194,93,2000.0,111,100,1,-1,"2024/5/26 5:00","2024/6/1 4:59",0,0,0,0,1
1195,94,2000.0,109,100,1,-1,"2024/5/26 5:00","2024/6/1 4:59",0,0,0,0,1
1196,95,2000.0,112,100,1,-1,"2024/5/26 5:00","2024/6/1 4:59",0,0,0,0,1
1197,98,2000.0,7004,100,1,-1,"2024/5/31 5:00","2024/6/1 4:59",0,0,0,0,1
1198,99,2000.0,7005,100,1,-1,"2024/5/31 5:00","2024/6/1 4:59",0,0,0,0,1
1199,100,2000.0,8004,100,1,-1,"2024/5/26 5:00","2024/6/1 4:59",0,0,0,0,1
1200,101,2000.0,8005,100,1,-1,"2024/5/26 5:00","2024/6/1 4:59",0,0,0,0,1
1201,251,2000.0,7004,80,1,-1,"2024/5/16 12:00","2024/5/23 23:59",0,0,0,0,1
1202,252,2000.0,7005,80,1,-1,"2024/5/16 12:00","2024/5/23 23:59",0,0,0,0,1
1203,541,2000.0,122,120,1,-1,"2024/5/17 5:00","2024/5/22 4:59",0,0,0,0,1
1204,32,2000.0,102,30,1,-1,"2024/6/1 5:00","2024/6/6 4:59",0,0,0,0,1
1205,42,2000.0,102,40,1,-1,"2024/6/1 5:00","2024/6/6 4:59",0,0,0,0,1
1206,31,2000.0,101,30,1,-1,"2024/6/6 5:00","2024/6/11 4:59",0,0,0,0,1
1207,41,2000.0,101,40,1,-1,"2024/6/6 5:00","2024/6/11 4:59",0,0,0,0,1
1208,39,2000.0,111,30,1,-1,"2024/6/11 5:00","2024/6/15 4:59",0,0,0,0,1
1209,49,2000.0,111,40,1,-1,"2024/6/11 5:00","2024/6/15 4:59",0,0,0,0,1
1210,37,2000.0,109,30,1,-1,"2024/6/11 5:00","2024/6/15 4:59",0,0,0,0,1
1211,38,2000.0,112,30,1,-1,"2024/6/11 5:00","2024/6/15 4:59",0,0,0,0,1
1212,151,2000.0,6004,80,1,-1,"2024/5/31 11:00","2024/6/14 23:59",0,0,0,0,1
1213,152,2000.0,6005,80,1,-1,"2024/5/31 11:00","2024/6/14 23:59",0,0,0,0,1
1214,31,3000.0,101,30,1,-1,"2024/6/15 5:00","2024/6/20 4:59",0,0,0,0,1
1215,41,2000.0,101,40,1,-1,"2024/6/15 5:00","2024/6/20 4:59",0,0,0,0,1
1216,32,3000.0,102,30,1,-1,"2024/6/15 5:00","2024/6/20 4:59",0,0,0,0,1
1217,42,3000.0,102,40,1,-1,"2024/6/15 5:00","2024/6/20 4:59",0,0,0,0,1
1218,45,3000.0,104,40,1,-1,"2024/6/15 5:00","2024/6/20 4:59",0,0,0,0,1
1219,32,2000.0,102,30,1,-1,"2024/6/20 5:00","2024/6/25 4:59",0,0,0,0,1
1220,42,2000.0,102,40,1,-1,"2024/6/20 5:00","2024/6/25 4:59",0,0,0,0,1
1221,45,2000.0,104,40,1,-1,"2024/6/20 5:00","2024/7/1 4:59",0,0,0,0,1
1222,81,2000.0,101,80,1,-1,"2024/6/22 5:00","2024/6/29 4:59",0,0,0,0,1
1223,82,2000.0,102,80,1,-1,"2024/6/22 5:00","2024/6/29 4:59",0,0,0,0,1
1224,83,2000.0,111,80,1,-1,"2024/6/22 5:00","2024/6/29 4:59",0,0,0,0,1
1225,84,2000.0,109,80,1,-1,"2024/6/22 5:00","2024/6/29 4:59",0,0,0,0,1
1226,85,2000.0,112,80,1,-1,"2024/6/22 5:00","2024/6/29 4:59",0,0,0,0,1
1227,351,2000.0,8004,80,1,-1,"2024/6/22 5:00","2024/6/29 4:59",0,0,0,0,1
1228,352,2000.0,8005,80,1,-1,"2024/6/22 5:00","2024/6/29 4:59",0,0,0,0,1
1229,37,2000.0,109,30,1,-1,"2024/6/23 5:00","2024/6/29 4:59",0,0,0,0,1
1230,38,2000.0,112,30,1,-1,"2024/6/23 5:00","2024/6/29 4:59",0,0,0,0,1
1231,34,2000.0,103,30,1,-1,"2024/6/23 5:00","2024/7/4 4:59",0,0,0,0,1
1232,44,2000.0,103,40,1,-1,"2024/6/23 5:00","2024/7/4 4:59",0,0,0,0,1
1233,91,2000.0,101,100,1,-1,"2024/6/23 5:00","2024/6/29 4:59",0,0,0,0,1
1234,92,2000.0,102,100,1,-1,"2024/6/23 5:00","2024/6/29 4:59",0,0,0,0,1
1235,93,2000.0,111,100,1,-1,"2024/6/23 5:00","2024/6/29 4:59",0,0,0,0,1
1236,94,2000.0,109,100,1,-1,"2024/6/23 5:00","2024/6/29 4:59",0,0,0,0,1
1237,95,2000.0,112,100,1,-1,"2024/6/23 5:00","2024/6/29 4:59",0,0,0,0,1
1238,98,2000.0,7004,100,1,-1,"2024/6/23 5:00","2024/6/23 23:59",0,0,0,0,1
1239,99,2000.0,7005,100,1,-1,"2024/6/23 5:00","2024/6/23 23:59",0,0,0,0,1
1240,100,2000.0,8004,100,1,-1,"2024/6/23 5:00","2024/6/29 4:59",0,0,0,0,1
1241,101,2000.0,8005,100,1,-1,"2024/6/23 5:00","2024/6/29 4:59",0,0,0,0,1
1242,31,2000.0,101,30,1,-1,"2024/6/25 5:00","2024/7/1 4:59",0,0,0,0,1
1243,41,2000.0,101,40,1,-1,"2024/6/25 5:00","2024/7/1 4:59",0,0,0,0,1
1244,251,2000.0,7004,80,1,-1,"2024/6/16 12:00","2024/6/23 23:59",0,0,0,0,1
1245,252,2000.0,7005,80,1,-1,"2024/6/16 12:00","2024/6/23 23:59",0,0,0,0,1
1246,32,2000.0,102,30,1,-1,"2024/7/1 5:00","2024/7/6 4:59",0,0,0,0,1
1247,42,2000.0,102,40,1,-1,"2024/7/1 5:00","2024/7/6 4:59",0,0,0,0,1
1248,31,2000.0,101,30,1,-1,"2024/7/6 5:00","2024/7/11 4:59",0,0,0,0,1
1249,41,2000.0,101,40,1,-1,"2024/7/6 5:00","2024/7/11 4:59",0,0,0,0,1
1250,39,2000.0,111,30,1,-1,"2024/7/11 5:00","2024/7/15 4:59",0,0,0,0,1
1251,49,2000.0,111,40,1,-1,"2024/7/11 5:00","2024/7/15 4:59",0,0,0,0,1
1252,37,2000.0,109,30,1,-1,"2024/7/11 5:00","2024/7/15 4:59",0,0,0,0,1
1253,38,2000.0,112,30,1,-1,"2024/7/11 5:00","2024/7/15 4:59",0,0,0,0,1
1254,31,3000.0,101,30,1,-1,"2024/7/15 5:00","2024/7/20 4:59",0,0,0,0,1
1255,41,2000.0,101,40,1,-1,"2024/7/15 5:00","2024/7/20 4:59",0,0,0,0,1
1256,45,2000.0,104,40,1,-1,"2024/7/15 5:00","2024/8/1 4:59",0,0,0,0,1
1257,151,2000.0,6004,80,1,-1,"2024/6/28 11:00","2024/7/14 23:59",0,0,0,0,1
1258,152,2000.0,6005,80,1,-1,"2024/6/28 11:00","2024/7/14 23:59",0,0,0,0,1
1259,32,2000.0,102,30,1,-1,"2024/7/20 5:00","2024/7/26 4:59",0,0,0,0,1
1260,42,2000.0,102,40,1,-1,"2024/7/20 5:00","2024/7/26 4:59",0,0,0,0,1
1261,31,2000.0,101,30,1,-1,"2024/7/26 5:00","2024/8/1 4:59",0,0,0,0,1
1262,41,2000.0,101,40,1,-1,"2024/7/26 5:00","2024/8/1 4:59",0,0,0,0,1
1263,37,2000.0,109,30,1,-1,"2024/7/26 5:00","2024/8/1 4:59",0,0,0,0,1
1264,38,2000.0,112,30,1,-1,"2024/7/26 5:00","2024/8/1 4:59",0,0,0,0,1
1265,34,2000.0,103,30,1,-1,"2024/7/26 5:00","2024/8/6 4:59",0,0,0,0,1
1266,44,2000.0,103,40,1,-1,"2024/7/26 5:00","2024/8/6 4:59",0,0,0,0,1
1267,81,2000.0,101,80,1,-1,"2024/7/24 5:00","2024/8/1 4:59",0,0,0,0,1
1268,82,2000.0,102,80,1,-1,"2024/7/24 5:00","2024/8/1 4:59",0,0,0,0,1
1269,83,2000.0,111,80,1,-1,"2024/7/24 5:00","2024/8/1 4:59",0,0,0,0,1
1270,84,2000.0,109,80,1,-1,"2024/7/24 5:00","2024/8/1 4:59",0,0,0,0,1
1271,85,2000.0,112,80,1,-1,"2024/7/24 5:00","2024/8/1 4:59",0,0,0,0,1
1272,351,2000.0,8004,80,1,-1,"2024/7/24 5:00","2024/8/1 4:59",0,0,0,0,1
1273,352,2000.0,8005,80,1,-1,"2024/7/24 5:00","2024/8/1 4:59",0,0,0,0,1
1274,251,2000.0,7004,80,1,-1,"2024/7/18 12:00","2024/7/25 23:59",0,0,0,0,1
1275,252,2000.0,7005,80,1,-1,"2024/7/18 12:00","2024/7/25 23:59",0,0,0,0,1
1276,541,2000.0,122,120,1,-1,"2024/7/19 5:00","2024/7/24 4:59",0,0,0,0,1
1277,91,2000.0,101,100,1,-1,"2024/7/26 5:00","2024/8/1 4:59",0,0,0,0,1
1278,92,2000.0,102,100,1,-1,"2024/7/26 5:00","2024/8/1 4:59",0,0,0,0,1
1279,93,2000.0,111,100,1,-1,"2024/7/26 5:00","2024/8/1 4:59",0,0,0,0,1
1280,94,2000.0,109,100,1,-1,"2024/7/26 5:00","2024/8/1 4:59",0,0,0,0,1
1281,95,2000.0,112,100,1,-1,"2024/7/26 5:00","2024/8/1 4:59",0,0,0,0,1
1282,98,2000.0,7004,100,1,-1,"2024/7/26 5:00","2024/7/25 23:59",0,0,0,0,1
1283,99,2000.0,7005,100,1,-1,"2024/7/26 5:00","2024/7/25 23:59",0,0,0,0,1
1284,100,2000.0,8004,100,1,-1,"2024/7/26 5:00","2024/8/1 4:59",0,0,0,0,1
1285,101,2000.0,8005,100,1,-1,"2024/7/26 5:00","2024/8/1 4:59",0,0,0,0,1
1286,31,2000.0,101,30,1,-1,"2024/8/6 5:00","2024/8/11 4:59",0,0,0,0,1
1287,41,2000.0,101,40,1,-1,"2024/8/6 5:00","2024/8/11 4:59",0,0,0,0,1
1288,32,2000.0,102,30,1,-1,"2024/8/1 5:00","2024/8/6 4:59",0,0,0,0,1
1289,42,2000.0,102,40,1,-1,"2024/8/1 5:00","2024/8/6 4:59",0,0,0,0,1
1290,39,2000.0,111,30,1,-1,"2024/8/11 5:00","2024/8/15 4:59",0,0,0,0,1
1291,49,2000.0,111,40,1,-1,"2024/8/11 5:00","2024/8/15 4:59",0,0,0,0,1
1292,37,2000.0,109,30,1,-1,"2024/8/11 5:00","2024/8/15 4:59",0,0,0,0,1
1293,38,2000.0,112,30,1,-1,"2024/8/11 5:00","2024/8/15 4:59",0,0,0,0,1
1294,31,4000.0,101,30,1,-1,"2024/8/15 5:00","2024/8/20 4:59",0,0,0,0,1
1295,41,2000.0,101,40,1,-1,"2024/8/15 5:00","2024/8/20 4:59",0,0,0,0,1
1296,45,2000.0,104,40,1,-1,"2024/8/15 5:00","2024/9/1 4:59",0,0,0,0,1
1297,34,4000.0,103,30,1,-1,"2024/8/15 5:00","2024/8/20 4:59",0,0,0,0,1
1298,44,4000.0,103,40,1,-1,"2024/8/15 5:00","2024/8/20 4:59",0,0,0,0,1
1299,81,2000.0,101,80,1,-1,"2024/8/15 5:00","2024/8/26 4:59",0,0,0,0,1
1300,82,2000.0,102,80,1,-1,"2024/8/15 5:00","2024/8/26 4:59",0,0,0,0,1
1301,83,2000.0,111,80,1,-1,"2024/8/15 5:00","2024/8/26 4:59",0,0,0,0,1
1302,84,2000.0,109,80,1,-1,"2024/8/15 5:00","2024/8/26 4:59",0,0,0,0,1
1303,85,2000.0,112,80,1,-1,"2024/8/15 5:00","2024/8/26 4:59",0,0,0,0,1
1304,351,2000.0,8004,80,1,-1,"2024/8/15 5:00","2024/8/26 4:59",0,0,0,0,1
1305,352,2000.0,8005,80,1,-1,"2024/8/15 5:00","2024/8/26 4:59",0,0,0,0,1
1306,151,2000.0,6004,80,1,-1,"2024/7/31 11:00","2024/8/14 23:59",0,0,0,0,1
1307,152,2000.0,6005,80,1,-1,"2024/7/31 11:00","2024/8/14 23:59",0,0,0,0,1
1308,32,4000.0,102,30,1,-1,"2024/8/20 5:00","2024/8/26 4:59",0,0,0,0,1
1309,42,4000.0,102,40,1,-1,"2024/8/20 5:00","2024/8/26 4:59",0,0,0,0,1
1310,39,4000.0,111,30,1,-1,"2024/8/26 5:00","2024/9/1 4:59",0,0,0,0,1
1311,49,4000.0,111,40,1,-1,"2024/8/26 5:00","2024/9/1 4:59",0,0,0,0,1
1312,37,4000.0,109,30,1,-1,"2024/8/25 5:00","2024/8/31 4:59",0,0,0,0,1
1313,38,4000.0,112,30,1,-1,"2024/8/25 5:00","2024/8/31 4:59",0,0,0,0,1
1314,91,3000.0,101,100,1,-1,"2024/8/25 5:00","2024/8/31 4:59",0,0,0,0,1
1315,92,3000.0,102,100,1,-1,"2024/8/25 5:00","2024/8/31 4:59",0,0,0,0,1
1316,93,3000.0,111,100,1,-1,"2024/8/25 5:00","2024/8/31 4:59",0,0,0,0,1
1317,94,3000.0,109,100,1,-1,"2024/8/25 5:00","2024/8/31 4:59",0,0,0,0,1
1318,95,3000.0,112,100,1,-1,"2024/8/25 5:00","2024/8/31 4:59",0,0,0,0,1
1319,98,3000.0,7004,100,1,-1,"2024/8/25 5:00","2024/8/25 23:59",0,0,0,0,1
1320,99,3000.0,7005,100,1,-1,"2024/8/25 5:00","2024/8/25 23:59",0,0,0,0,1
1321,100,3000.0,8004,100,1,-1,"2024/8/25 5:00","2024/8/31 4:59",0,0,0,0,1
1322,101,3000.0,8005,100,1,-1,"2024/8/25 5:00","2024/8/31 4:59",0,0,0,0,1
1323,251,2000.0,7004,80,1,-1,"2024/8/18 12:00","2024/8/25 23:59",0,0,0,0,1
1324,252,2000.0,7005,80,1,-1,"2024/8/18 12:00","2024/8/25 23:59",0,0,0,0,1
1325,31,3000.0,101,31,1,-1,"2024/9/1 5:00","2024/9/6 4:59",0,0,0,3,2
1326,31,3000.0,101,31,1,-1,"2024/9/1 5:00","2024/9/6 4:59",0,0,0,8,2
1327,41,2000.0,101,41,1,-1,"2024/9/1 5:00","2024/9/6 4:59",0,0,0,3,2
1328,41,2000.0,101,41,1,-1,"2024/9/1 5:00","2024/9/6 4:59",0,0,0,8,2
1329,11,0.0,101,11,1,-1,"2024/9/1 5:00","2024/9/6 4:59",0,0,0,3,2
1330,81,3000.0,101,81,1,-1,"2024/9/1 5:00","2024/9/6 4:59",0,0,0,3,2
1331,81,2000.0,101,81,1,-1,"2024/9/1 5:00","2024/9/6 4:59",0,0,0,8,2
1332,32,3000.0,102,31,1,-1,"2024/9/6 5:00","2024/9/11 4:59",0,0,0,1,2
1333,32,3000.0,102,31,1,-1,"2024/9/6 5:00","2024/9/11 4:59",0,0,0,7,2
1334,42,2000.0,102,41,1,-1,"2024/9/6 5:00","2024/9/11 4:59",0,0,0,1,2
1335,42,2000.0,102,41,1,-1,"2024/9/6 5:00","2024/9/11 4:59",0,0,0,7,2
1336,12,0.0,102,11,1,-1,"2024/9/6 5:00","2024/9/11 4:59",0,0,0,1,2
1337,82,3000.0,102,81,1,-1,"2024/9/6 5:00","2024/9/11 4:59",0,0,0,1,2
1338,82,2000.0,102,81,1,-1,"2024/9/6 5:00","2024/9/11 4:59",0,0,0,7,2
1339,39,2000.0,111,30,1,-1,"2024/9/11 5:00","2024/9/15 4:59",0,0,0,0,1
1340,49,2000.0,111,40,1,-1,"2024/9/11 5:00","2024/9/15 4:59",0,0,0,0,1
1341,37,2000.0,109,30,1,-1,"2024/9/11 5:00","2024/9/15 4:59",0,0,0,0,1
1342,38,2000.0,112,30,1,-1,"2024/9/11 5:00","2024/9/15 4:59",0,0,0,0,1
1343,151,2000.0,6004,80,1,-1,"2024/8/30 11:00","2024/9/14 23:59",0,0,0,0,1
1344,152,2000.0,6005,80,1,-1,"2024/8/30 11:00","2024/9/14 23:59",0,0,0,0,1
1345,96,3000.0,6004,100,1,-1,"2024/8/30 11:00","2024/8/31 4:59",0,0,0,0,1
1346,97,3000.0,6005,100,1,-1,"2024/8/30 11:00","2024/8/31 4:59",0,0,0,0,1
1347,31,3000.0,101,30,1,-1,"2024/9/15 5:00","2024/9/20 4:59",0,0,0,0,1
1348,41,2000.0,101,40,1,-1,"2024/9/15 5:00","2024/9/20 4:59",0,0,0,0,1
1349,541,2000.0,122,120,1,-1,"2024/9/16 5:00","2024/9/21 4:59",0,0,0,0,1
1350,45,2000.0,104,40,1,-1,"2024/9/15 5:00","2024/10/1 4:59",0,0,0,0,1
1351,32,2000.0,102,30,1,-1,"2024/9/20 5:00","2024/9/25 4:59",0,0,0,0,1
1352,42,2000.0,102,40,1,-1,"2024/9/20 5:00","2024/9/25 4:59",0,0,0,0,1
1353,31,2000.0,101,30,1,-1,"2024/9/25 5:00","2024/10/1 4:59",0,0,0,0,1
1354,41,2000.0,101,40,1,-1,"2024/9/25 5:00","2024/10/1 4:59",0,0,0,0,1
1355,37,2000.0,109,30,1,-1,"2024/9/25 5:00","2024/10/1 4:59",0,0,0,0,1
1356,38,2000.0,112,30,1,-1,"2024/9/25 5:00","2024/10/1 4:59",0,0,0,0,1
1357,34,2000.0,103,30,1,-1,"2024/9/25 5:00","2024/10/6 4:59",0,0,0,0,1
1358,44,2000.0,103,40,1,-1,"2024/9/25 5:00","2024/10/6 4:59",0,0,0,0,1
1359,91,2000.0,101,100,1,-1,"2024/9/25 5:00","2024/10/1 4:59",0,0,0,0,1
1360,92,2000.0,102,100,1,-1,"2024/9/25 5:00","2024/10/1 4:59",0,0,0,0,1
1361,93,2000.0,111,100,1,-1,"2024/9/25 5:00","2024/10/1 4:59",0,0,0,0,1
1362,94,2000.0,109,100,1,-1,"2024/9/25 5:00","2024/10/1 4:59",0,0,0,0,1
1363,95,2000.0,112,100,1,-1,"2024/9/25 5:00","2024/10/1 4:59",0,0,0,0,1
1364,96,2000.0,6004,100,1,-1,"2024/9/30 11:00","2024/10/1 4:59",0,0,0,0,1
1365,97,2000.0,6005,100,1,-1,"2024/9/30 11:00","2024/10/1 4:59",0,0,0,0,1
1366,100,2000.0,8004,100,1,-1,"2024/9/25 5:00","2024/10/1 4:59",0,0,0,0,1
1367,101,2000.0,8005,100,1,-1,"2024/9/25 5:00","2024/10/1 4:59",0,0,0,0,1
1368,251,2000.0,7004,80,1,-1,"2024/9/17 12:00","2024/9/24 23:59",0,0,0,0,1
1369,252,2000.0,7005,80,1,-1,"2024/9/17 12:00","2024/9/24 23:59",0,0,0,0,1
1370,81,2000.0,101,80,1,-1,"2024/9/23 5:00","2024/10/1 4:59",0,0,0,0,1
1371,82,2000.0,102,80,1,-1,"2024/9/23 5:00","2024/10/1 4:59",0,0,0,0,1
1372,83,2000.0,111,80,1,-1,"2024/9/23 5:00","2024/10/1 4:59",0,0,0,0,1
1373,84,2000.0,109,80,1,-1,"2024/9/23 5:00","2024/10/1 4:59",0,0,0,0,1
1374,85,2000.0,112,80,1,-1,"2024/9/23 5:00","2024/10/1 4:59",0,0,0,0,1
1375,351,2000.0,8004,80,1,-1,"2024/9/23 5:00","2024/10/1 4:59",0,0,0,0,1
1376,352,2000.0,8005,80,1,-1,"2024/9/23 5:00","2024/10/1 4:59",0,0,0,0,1
1377,32,2000.0,102,30,1,-1,"2024/10/1 5:00","2024/10/6 4:59",0,0,0,0,1
1378,42,2000.0,102,40,1,-1,"2024/10/1 5:00","2024/10/6 4:59",0,0,0,0,1
1379,31,2000.0,101,30,1,-1,"2024/10/6 5:00","2024/10/11 4:59",0,0,0,0,1
1380,41,2000.0,101,40,1,-1,"2024/10/6 5:00","2024/10/11 4:59",0,0,0,0,1
1381,39,2000.0,111,30,1,-1,"2024/10/11 5:00","2024/10/15 4:59",0,0,0,0,1
1382,49,2000.0,111,40,1,-1,"2024/10/11 5:00","2024/10/15 4:59",0,0,0,0,1
1383,37,2000.0,109,30,1,-1,"2024/10/11 5:00","2024/10/15 4:59",0,0,0,0,1
1384,38,2000.0,112,30,1,-1,"2024/10/11 5:00","2024/10/15 4:59",0,0,0,0,1
1385,31,3000.0,101,30,1,-1,"2024/10/15 5:00","2024/10/20 4:59",0,0,0,0,1
1386,41,2000.0,101,40,1,-1,"2024/10/15 5:00","2024/10/20 4:59",0,0,0,0,1
1387,45,2000.0,104,40,1,-1,"2024/10/15 5:00","2024/11/1 4:59",0,0,0,0,1
1388,151,2000.0,6004,80,1,-1,"2024/9/30 11:00","2024/10/14 23:59",0,0,0,0,1
1389,152,2000.0,6005,80,1,-1,"2024/9/30 11:00","2024/10/14 23:59",0,0,0,0,1
1390,32,2000.0,102,30,1,-1,"2024/10/20 5:00","2024/10/26 4:59",0,0,0,0,1
1391,42,2000.0,102,40,1,-1,"2024/10/20 5:00","2024/10/26 4:59",0,0,0,0,1
1392,31,3000.0,101,31,1,-1,"2024/10/26 5:00","2024/11/1 4:59",0,0,0,3,2
1393,31,3000.0,101,31,1,-1,"2024/10/26 5:00","2024/11/1 4:59",0,0,0,10,2
1394,41,3000.0,101,41,1,-1,"2024/10/26 5:00","2024/11/1 4:59",0,0,0,3,2
1395,41,2000.0,101,41,1,-1,"2024/10/26 5:00","2024/11/1 4:59",0,0,0,10,2
1396,11,0.0,101,11,1,-1,"2024/10/26 5:00","2024/11/1 4:59",0,0,0,3,2
1397,81,3000.0,101,81,1,-1,"2024/10/26 5:00","2024/11/1 4:59",0,0,0,3,2
1398,81,2000.0,101,81,1,-1,"2024/10/26 5:00","2024/11/1 4:59",0,0,0,10,2
1399,37,2000.0,109,30,1,-1,"2024/10/26 5:00","2024/11/1 4:59",0,0,0,0,1
1400,38,2000.0,112,30,1,-1,"2024/10/26 5:00","2024/11/1 4:59",0,0,0,0,1
1401,34,2000.0,103,30,1,-1,"2024/10/26 5:00","2024/11/6 4:59",0,0,0,0,1
1402,44,2000.0,103,40,1,-1,"2024/10/26 5:00","2024/11/6 4:59",0,0,0,0,1
1403,91,2000.0,101,100,1,-1,"2024/10/26 5:00","2024/11/1 4:59",0,0,0,3,2
1404,91,2000.0,101,100,1,-1,"2024/10/26 5:00","2024/11/1 4:59",0,0,0,10,2
1405,92,2000.0,102,100,1,-1,"2024/10/26 5:00","2024/11/1 4:59",0,0,0,0,1
1406,93,2000.0,111,100,1,-1,"2024/10/26 5:00","2024/11/1 4:59",0,0,0,0,1
1407,94,2000.0,109,100,1,-1,"2024/10/26 5:00","2024/11/1 4:59",0,0,0,0,1
1408,95,2000.0,112,100,1,-1,"2024/10/26 5:00","2024/11/1 4:59",0,0,0,0,1
1409,96,2000.0,6004,100,1,-1,"2024/10/31 11:00","2024/11/1 4:59",0,0,0,0,1
1410,97,2000.0,6005,100,1,-1,"2024/10/31 11:00","2024/11/1 4:59",0,0,0,0,1
1411,100,2000.0,8004,100,1,-1,"2024/10/26 5:00","2024/11/1 4:59",0,0,0,0,1
1412,101,2000.0,8005,100,1,-1,"2024/10/26 5:00","2024/11/1 4:59",0,0,0,0,1
1413,251,2000.0,7004,80,1,-1,"2024/10/17 12:00","2024/10/24 23:59",0,0,0,0,1
1414,252,2000.0,7005,80,1,-1,"2024/10/17 12:00","2024/10/24 23:59",0,0,0,0,1
1415,32,3000.0,102,31,1,-1,"2024/11/1 5:00","2024/11/6 4:59",0,0,0,1,2
1416,32,3000.0,102,31,1,-1,"2024/11/1 5:00","2024/11/6 4:59",0,0,0,9,2
1417,42,3000.0,102,41,1,-1,"2024/11/1 5:00","2024/11/6 4:59",0,0,0,1,2
1418,42,2000.0,102,41,1,-1,"2024/11/1 5:00","2024/11/6 4:59",0,0,0,9,2
1419,12,0.0,102,11,1,-1,"2024/11/1 5:00","2024/11/6 4:59",0,0,0,1,2
1420,82,3000.0,102,81,1,-1,"2024/11/1 5:00","2024/11/6 4:59",0,0,0,1,2
1421,82,2000.0,102,81,1,-1,"2024/11/1 5:00","2024/11/6 4:59",0,0,0,9,2
1422,31,2000.0,101,30,1,-1,"2024/11/6 5:00","2024/11/11 4:59",0,0,0,0,1
1423,41,2000.0,101,40,1,-1,"2024/11/6 5:00","2024/11/11 4:59",0,0,0,0,1
1424,39,2000.0,111,30,1,-1,"2024/11/11 5:00","2024/11/15 4:59",0,0,0,0,1
1425,49,2000.0,111,40,1,-1,"2024/11/11 5:00","2024/11/15 4:59",0,0,0,0,1
1426,37,2000.0,109,30,1,-1,"2024/11/11 5:00","2024/11/15 4:59",0,0,0,0,1
1427,38,2000.0,112,30,1,-1,"2024/11/11 5:00","2024/11/15 4:59",0,0,0,0,1
1428,31,3000.0,101,30,1,-1,"2024/11/15 5:00","2024/11/20 4:59",0,0,0,0,1
1429,41,2000.0,101,40,1,-1,"2024/11/15 5:00","2024/11/20 4:59",0,0,0,0,1
1430,45,2000.0,104,40,1,-1,"2024/11/15 5:00","2024/12/1 4:59",0,0,0,0,1
1431,151,2000.0,6004,80,1,-1,"2024/10/31 11:00","2024/11/14 23:59",0,0,0,0,1
1432,152,2000.0,6005,80,1,-1,"2024/10/31 11:00","2024/11/14 23:59",0,0,0,0,1
1433,32,2000.0,102,30,1,-1,"2024/11/20 5:00","2024/11/25 4:59",0,0,0,0,1
1434,42,2000.0,102,40,1,-1,"2024/11/20 5:00","2024/11/25 4:59",0,0,0,0,1
1435,81,2000.0,101,80,1,-1,"2024/11/22 5:00","2024/11/30 4:59",0,0,0,0,1
1436,82,2000.0,102,80,1,-1,"2024/11/22 5:00","2024/11/30 4:59",0,0,0,0,1
1437,83,2000.0,111,80,1,-1,"2024/11/22 5:00","2024/11/30 4:59",0,0,0,0,1
1438,84,2000.0,109,80,1,-1,"2024/11/22 5:00","2024/11/30 4:59",0,0,0,0,1
1439,85,2000.0,112,80,1,-1,"2024/11/22 5:00","2024/11/30 4:59",0,0,0,0,1
1440,351,2000.0,8004,80,1,-1,"2024/11/22 5:00","2024/11/30 4:59",0,0,0,0,1
1441,352,2000.0,8005,80,1,-1,"2024/11/22 5:00","2024/11/30 4:59",0,0,0,0,1
1442,37,2000.0,109,30,1,-1,"2024/11/24 5:00","2024/11/30 4:59",0,0,0,0,1
1443,38,2000.0,112,30,1,-1,"2024/11/24 5:00","2024/11/30 4:59",0,0,0,0,1
1444,34,2000.0,103,30,1,-1,"2024/11/24 5:00","2024/12/5 4:59",0,0,0,0,1
1445,44,2000.0,103,40,1,-1,"2024/11/24 5:00","2024/12/5 4:59",0,0,0,0,1
1446,91,2000.0,101,100,1,-1,"2024/11/24 5:00","2024/11/30 4:59",0,0,0,0,1
1447,92,2000.0,102,100,1,-1,"2024/11/24 5:00","2024/11/30 4:59",0,0,0,0,1
1448,93,2000.0,111,100,1,-1,"2024/11/24 5:00","2024/11/30 4:59",0,0,0,0,1
1449,94,2000.0,109,100,1,-1,"2024/11/24 5:00","2024/11/30 4:59",0,0,0,0,1
1450,95,2000.0,112,100,1,-1,"2024/11/24 5:00","2024/11/30 4:59",0,0,0,0,1
1451,96,2000.0,6004,100,1,-1,"2024/11/29 11:00","2024/11/30 4:59",0,0,0,0,1
1452,97,2000.0,6005,100,1,-1,"2024/11/29 11:00","2024/11/30 4:59",0,0,0,0,1
1453,100,2000.0,8004,100,1,-1,"2024/11/24 5:00","2024/11/30 4:59",0,0,0,0,1
1454,101,2000.0,8005,100,1,-1,"2024/11/24 5:00","2024/11/30 4:59",0,0,0,0,1
1455,98,2000.0,7004,100,1,-1,"2024/11/24 5:00","2024/11/24 23:59",0,0,0,0,1
1456,99,2000.0,7005,100,1,-1,"2024/11/24 5:00","2024/11/24 23:59",0,0,0,0,1
1457,31,2000.0,101,30,1,-1,"2024/11/25 5:00","2024/12/1 4:59",0,0,0,0,1
1458,41,2000.0,101,40,1,-1,"2024/11/25 5:00","2024/12/1 4:59",0,0,0,0,1
1459,251,2000.0,7004,80,1,-1,"2024/11/17 12:00","2024/11/24 23:59",0,0,0,0,1
1460,252,2000.0,7005,80,1,-1,"2024/11/17 12:00","2024/11/24 23:59",0,0,0,0,1
1461,541,2000.0,122,120,1,-1,"2024/11/18 5:00","2024/11/23 4:59",0,0,0,0,1
1462,32,2000.0,102,30,1,-1,"2024/12/1 5:00","2024/12/6 4:59",0,0,0,0,1
1463,42,2000.0,102,40,1,-1,"2024/12/1 5:00","2024/12/6 4:59",0,0,0,0,1
1464,31,2000.0,101,30,1,-1,"2024/12/6 5:00","2024/12/11 4:59",0,0,0,0,1
1465,41,2000.0,101,40,1,-1,"2024/12/6 5:00","2024/12/11 4:59",0,0,0,0,1
1466,39,2000.0,111,30,1,-1,"2024/12/11 5:00","2024/12/16 4:59",0,0,0,0,1
1467,49,2000.0,111,40,1,-1,"2024/12/11 5:00","2024/12/16 4:59",0,0,0,0,1
1468,37,2000.0,109,30,1,-1,"2024/12/11 5:00","2024/12/16 4:59",0,0,0,0,1
1469,38,2000.0,112,30,1,-1,"2024/12/11 5:00","2024/12/16 4:59",0,0,0,0,1
1470,31,3000.0,101,30,1,-1,"2024/12/16 5:00","2024/12/24 4:59",0,0,0,0,1
1471,41,2000.0,101,40,1,-1,"2024/12/16 5:00","2024/12/24 4:59",0,0,0,0,1
1472,45,2000.0,104,40,1,-1,"2024/12/16 5:00","2025/1/4 4:59",0,0,0,0,1
1473,32,3000.0,102,30,1,-1,"2024/12/16 5:00","2024/12/24 4:59",0,0,0,0,1
1474,42,3000.0,102,40,1,-1,"2024/12/16 5:00","2024/12/24 4:59",0,0,0,0,1
1475,151,2000.0,6004,80,1,-1,"2024/11/29 11:00","2024/12/14 23:59",0,0,0,0,1
1476,152,2000.0,6005,80,1,-1,"2024/11/29 11:00","2024/12/14 23:59",0,0,0,0,1
1477,39,3000.0,111,30,1,-1,"2024/12/24 5:00","2024/12/28 4:59",0,0,0,0,1
1478,49,3000.0,111,40,1,-1,"2024/12/24 5:00","2024/12/28 4:59",0,0,0,0,1
1479,37,3000.0,109,30,1,-1,"2024/12/24 5:00","2024/12/28 4:59",0,0,0,0,1
1480,38,3000.0,112,30,1,-1,"2024/12/24 5:00","2024/12/28 4:59",0,0,0,0,1
1481,91,3000.0,101,100,1,-1,"2024/12/24 5:00","2025/1/4 4:59",0,0,0,0,1
1482,92,3000.0,102,100,1,-1,"2024/12/24 5:00","2025/1/4 4:59",0,0,0,0,1
1483,93,3000.0,111,100,1,-1,"2024/12/24 5:00","2025/1/4 4:59",0,0,0,0,1
1484,94,3000.0,109,100,1,-1,"2024/12/24 5:00","2025/1/4 4:59",0,0,0,0,1
1485,95,3000.0,112,100,1,-1,"2024/12/24 5:00","2025/1/4 4:59",0,0,0,0,1
1486,100,3000.0,8004,100,1,-1,"2024/12/24 5:00","2025/1/4 4:59",0,0,0,0,1
1487,101,3000.0,8005,100,1,-1,"2024/12/24 5:00","2025/1/4 4:59",0,0,0,0,1
1488,31,3000.0,101,30,1,-1,"2024/12/28 5:00","2025/1/4 4:59",0,0,0,0,1
1489,41,2000.0,101,40,1,-1,"2024/12/28 5:00","2025/1/4 4:59",0,0,0,0,1
1490,32,3000.0,102,30,1,-1,"2024/12/28 5:00","2025/1/4 4:59",0,0,0,0,1
1491,42,3000.0,102,40,1,-1,"2024/12/28 5:00","2025/1/4 4:59",0,0,0,0,1
1492,251,2000.0,7004,80,1,-1,"2024/12/16 11:00","2024/12/23 23:59",0,0,0,0,1
1493,252,2000.0,7005,80,1,-1,"2024/12/16 11:00","2024/12/23 23:59",0,0,0,0,1
1494,34,3000.0,103,30,1,-1,"2024/12/24 5:00","2025/1/4 4:59",0,0,0,0,1
1495,44,3000.0,103,40,1,-1,"2024/12/24 5:00","2025/1/4 4:59",0,0,0,0,1
1496,32,2000.0,102,30,1,-1,"2025/1/11 5:00","2025/1/15 4:59",0,0,0,0,1
1497,42,2000.0,102,40,1,-1,"2025/1/11 5:00","2025/1/15 4:59",0,0,0,0,1
1498,39,2000.0,111,30,1,-1,"2025/1/4 5:00","2025/1/11 4:59",0,0,0,0,1
1499,49,2000.0,111,40,1,-1,"2025/1/4 5:00","2025/1/11 4:59",0,0,0,0,1
1500,37,2000.0,109,30,1,-1,"2025/1/11 5:00","2025/1/15 4:59",0,0,0,0,1
1501,38,2000.0,112,30,1,-1,"2025/1/11 5:00","2025/1/15 4:59",0,0,0,0,1
1502,31,3000.0,101,30,1,-1,"2025/1/15 5:00","2025/1/20 4:59",0,0,0,0,1
1503,41,2000.0,101,40,1,-1,"2025/1/15 5:00","2025/1/20 4:59",0,0,0,0,1
1504,45,2000.0,104,40,1,-1,"2025/1/15 5:00","2025/2/1 4:59",0,0,0,0,1
1505,151,2000.0,6004,80,1,-1,"2024/12/31 11:00","2025/1/14 23:59",0,0,0,0,1
1506,152,2000.0,6005,80,1,-1,"2024/12/31 11:00","2025/1/14 23:59",0,0,0,0,1
1507,96,3000.0,6004,100,1,-1,"2024/12/31 11:00","2025/1/4 4:59",0,0,0,0,1
1508,97,3000.0,6005,100,1,-1,"2024/12/31 11:00","2025/1/4 4:59",0,0,0,0,1
1509,32,2000.0,102,30,1,-1,"2025/1/20 5:00","2025/1/26 4:59",0,0,0,0,1
1510,42,2000.0,102,40,1,-1,"2025/1/20 5:00","2025/1/26 4:59",0,0,0,0,1
1511,81,2000.0,101,80,1,-1,"2025/1/20 5:00","2025/2/1 4:59",0,0,0,0,1
1512,82,2000.0,102,80,1,-1,"2025/1/20 5:00","2025/2/1 4:59",0,0,0,0,1
1513,83,2000.0,111,80,1,-1,"2025/1/20 5:00","2025/2/1 4:59",0,0,0,0,1
1514,84,2000.0,109,80,1,-1,"2025/1/20 5:00","2025/2/1 4:59",0,0,0,0,1
1515,85,2000.0,112,80,1,-1,"2025/1/20 5:00","2025/2/1 4:59",0,0,0,0,1
1516,351,2000.0,8004,80,1,-1,"2025/1/20 5:00","2025/2/1 4:59",0,0,0,0,1
1517,352,2000.0,8005,80,1,-1,"2025/1/20 5:00","2025/2/1 4:59",0,0,0,0,1
1518,541,2000.0,122,120,1,-1,"2025/1/17 5:00","2025/1/22 4:59",0,0,0,0,1
1519,31,3000.0,101,30,1,-1,"2025/1/22 5:00","2025/2/1 4:59",0,0,0,0,1
1520,41,3000.0,101,40,1,-1,"2025/1/22 5:00","2025/2/1 4:59",0,0,0,0,1
1521,37,2000.0,109,30,1,-1,"2025/1/22 5:00","2025/2/1 4:59",0,0,0,0,1
1522,38,2000.0,112,30,1,-1,"2025/1/22 5:00","2025/2/1 4:59",0,0,0,0,1
1523,34,2000.0,103,30,1,-1,"2025/1/22 5:00","2025/2/6 4:59",0,0,0,0,1
1524,44,2000.0,103,40,1,-1,"2025/1/22 5:00","2025/2/6 4:59",0,0,0,0,1
1525,91,2000.0,101,100,1,-1,"2025/1/22 5:00","2025/2/1 4:59",0,0,0,0,1
1526,92,2000.0,102,100,1,-1,"2025/1/22 5:00","2025/2/1 4:59",0,0,0,0,1
1527,93,2000.0,111,100,1,-1,"2025/1/22 5:00","2025/2/1 4:59",0,0,0,0,1
1528,94,2000.0,109,100,1,-1,"2025/1/22 5:00","2025/2/1 4:59",0,0,0,0,1
1529,95,2000.0,112,100,1,-1,"2025/1/22 5:00","2025/2/1 4:59",0,0,0,0,1
1530,96,2000.0,6004,100,1,-1,"2025/1/27 11:00","2025/2/1 4:59",0,0,0,0,1
1531,97,2000.0,6005,100,1,-1,"2025/1/27 11:00","2025/2/1 4:59",0,0,0,0,1
1532,100,2000.0,8004,100,1,-1,"2025/1/22 5:00","2025/2/1 4:59",0,0,0,0,1
1533,101,2000.0,8005,100,1,-1,"2025/1/22 5:00","2025/2/1 4:59",0,0,0,0,1
1534,98,2000.0,7004,100,1,-1,"2025/1/22 5:00","2025/1/23 23:59",0,0,0,0,1
1535,99,2000.0,7005,100,1,-1,"2025/1/22 5:00","2025/1/23 23:59",0,0,0,0,1
1536,151,2000.0,6004,80,1,-1,"2025/1/27 11:00","2025/2/15 4:59",0,0,0,0,1
1537,152,2000.0,6005,80,1,-1,"2025/1/27 11:00","2025/2/15 4:59",0,0,0,0,1
1538,251,2000.0,7004,80,1,-1,"2025/1/16 12:00","2025/1/23 23:59",0,0,0,0,1
1539,252,2000.0,7005,80,1,-1,"2025/1/16 12:00","2025/1/23 23:59",0,0,0,0,1
1540,32,3000.0,102,30,1,-1,"2025/2/1 5:00","2025/2/6 4:59",0,0,0,0,1
1541,42,3000.0,102,40,1,-1,"2025/2/1 5:00","2025/2/6 4:59",0,0,0,0,1
1542,31,2000.0,101,30,1,-1,"2025/2/6 5:00","2025/2/11 4:59",0,0,0,0,1
1543,41,2000.0,101,40,1,-1,"2025/2/6 5:00","2025/2/11 4:59",0,0,0,0,1
1544,39,2000.0,111,30,1,-1,"2025/2/11 5:00","2025/2/15 4:59",0,0,0,0,1
1545,49,2000.0,111,40,1,-1,"2025/2/11 5:00","2025/2/15 4:59",0,0,0,0,1
1546,251,2000.0,7004,80,1,-1,"2025/2/5 12:00","2025/2/15 4:59",0,0,0,0,1
1547,252,2000.0,7005,80,1,-1,"2025/2/5 12:00","2025/2/15 4:59",0,0,0,0,1
1548,31,5000.0,101,30,1,-1,"2025/2/15 5:00","2025/2/22 4:59",0,0,0,0,1
1549,41,3000.0,101,40,1,-1,"2025/2/15 5:00","2025/2/22 4:59",0,0,0,0,1
1550,45,2000.0,104,40,1,-1,"2025/2/15 5:00","2025/3/1 4:59",0,0,0,0,1
1551,34,5000.0,103,30,1,-1,"2025/2/15 5:00","2025/2/22 4:59",0,0,0,0,1
1552,44,5000.0,103,40,1,-1,"2025/2/15 5:00","2025/2/22 4:59",0,0,0,0,1
1553,91,3000.0,101,100,1,-1,"2025/2/15 5:00","2025/3/1 4:59",0,0,0,0,1
1554,92,3000.0,102,100,1,-1,"2025/2/15 5:00","2025/3/1 4:59",0,0,0,0,1
1555,93,3000.0,111,100,1,-1,"2025/2/15 5:00","2025/3/1 4:59",0,0,0,0,1
1556,94,3000.0,109,100,1,-1,"2025/2/15 5:00","2025/3/1 4:59",0,0,0,0,1
1557,95,3000.0,112,100,1,-1,"2025/2/15 5:00","2025/3/1 4:59",0,0,0,0,1
1558,100,3000.0,8004,100,1,-1,"2025/2/15 5:00","2025/3/1 4:59",0,0,0,0,1
1559,101,3000.0,8005,100,1,-1,"2025/2/15 5:00","2025/3/1 4:59",0,0,0,0,1
1560,96,3000.0,6004,100,1,-1,"2025/2/15 5:00","2025/2/18 23:59",0,0,0,0,1
1561,97,3000.0,6005,100,1,-1,"2025/2/15 5:00","2025/2/18 23:59",0,0,0,0,1
1562,98,3000.0,7004,100,1,-1,"2025/2/15 5:00","2025/2/18 23:59",0,0,0,0,1
1563,99,3000.0,7005,100,1,-1,"2025/2/15 5:00","2025/2/18 23:59",0,0,0,0,1
1564,96,3000.0,6004,100,1,-1,"2025/2/26 11:00","2025/3/1 4:59",0,0,0,0,1
1565,97,3000.0,6005,100,1,-1,"2025/2/26 11:00","2025/3/1 4:59",0,0,0,0,1
1566,81,2000.0,101,80,1,-1,"2025/2/15 5:00","2025/3/1 4:59",0,0,0,0,1
1567,82,2000.0,102,80,1,-1,"2025/2/15 5:00","2025/3/1 4:59",0,0,0,0,1
1568,83,2000.0,111,80,1,-1,"2025/2/15 5:00","2025/3/1 4:59",0,0,0,0,1
1569,84,2000.0,109,80,1,-1,"2025/2/15 5:00","2025/3/1 4:59",0,0,0,0,1
1570,85,2000.0,112,80,1,-1,"2025/2/15 5:00","2025/3/1 4:59",0,0,0,0,1
1571,351,2000.0,8004,80,1,-1,"2025/2/15 5:00","2025/3/1 4:59",0,0,0,0,1
1572,352,2000.0,8005,80,1,-1,"2025/2/15 5:00","2025/3/1 4:59",0,0,0,0,1
1573,251,2000.0,7004,80,1,-1,"2025/2/15 5:00","2025/2/18 23:59",0,0,0,0,1
1574,252,2000.0,7005,80,1,-1,"2025/2/15 5:00","2025/2/18 23:59",0,0,0,0,1
1575,151,2000.0,6004,80,1,-1,"2025/2/15 5:00","2025/2/18 23:59",0,0,0,0,1
1576,152,2000.0,6005,80,1,-1,"2025/2/15 5:00","2025/2/18 23:59",0,0,0,0,1
1577,32,5000.0,102,30,1,-1,"2025/2/20 5:00","2025/3/1 4:59",0,0,0,0,1
1578,42,5000.0,102,40,1,-1,"2025/2/20 5:00","2025/3/1 4:59",0,0,0,0,1
1579,39,5000.0,111,30,1,-1,"2025/2/20 5:00","2025/3/1 4:59",0,0,0,0,1
1580,49,5000.0,111,40,1,-1,"2025/2/20 5:00","2025/3/1 4:59",0,0,0,0,1
1581,37,5000.0,109,30,1,-1,"2025/2/23 5:00","2025/3/1 4:59",0,0,0,0,1
1582,38,5000.0,112,30,1,-1,"2025/2/23 5:00","2025/3/1 4:59",0,0,0,0,1
1583,31,2000.0,101,30,1,-1,"2025/3/1 5:00","2025/3/6 4:59",0,0,0,0,1
1584,41,2000.0,101,40,1,-1,"2025/3/1 5:00","2025/3/6 4:59",0,0,0,0,1
1585,32,2000.0,102,30,1,-1,"2025/3/6 5:00","2025/3/11 4:59",0,0,0,0,1
1586,42,2000.0,102,40,1,-1,"2025/3/6 5:00","2025/3/11 4:59",0,0,0,0,1
1587,39,2000.0,111,30,1,-1,"2025/3/11 5:00","2025/3/15 4:59",0,0,0,0,1
1588,49,2000.0,111,40,1,-1,"2025/3/11 5:00","2025/3/15 4:59",0,0,0,0,1
1589,37,2000.0,109,30,1,-1,"2025/3/11 5:00","2025/3/15 4:59",0,0,0,0,1
1590,38,2000.0,112,30,1,-1,"2025/3/11 5:00","2025/3/15 4:59",0,0,0,0,1
1591,151,2000.0,6004,80,1,-1,"2025/2/26 11:00","2025/3/1 4:59",0,0,0,0,1
1592,152,2000.0,6005,80,1,-1,"2025/2/26 11:00","2025/3/1 4:59",0,0,0,0,1
1593,151,2000.0,6004,80,1,-1,"2025/3/1 5:00","2025/3/12 23:59",0,0,0,0,1
1594,152,2000.0,6005,80,1,-1,"2025/3/1 5:00","2025/3/12 23:59",0,0,0,0,1
1595,31,3000.0,101,30,1,-1,"2025/3/15 5:00","2025/3/20 4:59",0,0,0,0,1
1596,41,2000.0,101,40,1,-1,"2025/3/15 5:00","2025/3/20 4:59",0,0,0,0,1
1597,45,2000.0,104,40,1,-1,"2025/3/15 5:00","2025/3/31 8:59",0,0,0,0,1
1598,32,2000.0,102,30,1,-1,"2025/3/20 5:00","2025/3/26 4:59",0,0,0,0,1
1599,42,2000.0,102,40,1,-1,"2025/3/20 5:00","2025/3/26 4:59",0,0,0,0,1
1600,31,2000.0,101,30,1,-1,"2025/3/26 5:00","2025/3/31 8:59",0,0,0,0,1
1601,41,2000.0,101,40,1,-1,"2025/3/26 5:00","2025/3/31 8:59",0,0,0,0,1
1602,37,2000.0,109,30,1,-1,"2025/3/26 5:00","2025/3/31 8:59",0,0,0,0,1
1603,38,2000.0,112,30,1,-1,"2025/3/26 5:00","2025/3/31 8:59",0,0,0,0,1
1604,34,2000.0,103,30,1,-1,"2025/3/26 5:00","2025/3/31 8:59",0,0,0,0,1
1605,44,2000.0,103,40,1,-1,"2025/3/26 5:00","2025/3/31 8:59",0,0,0,0,1
1606,91,2000.0,101,100,1,-1,"2025/3/26 5:00","2025/3/31 8:59",0,0,0,0,1
1607,92,2000.0,102,100,1,-1,"2025/3/26 5:00","2025/3/31 8:59",0,0,0,0,1
1608,93,2000.0,111,100,1,-1,"2025/3/26 5:00","2025/3/31 8:59",0,0,0,0,1
1609,94,2000.0,109,100,1,-1,"2025/3/26 5:00","2025/3/31 8:59",0,0,0,0,1
1610,95,2000.0,112,100,1,-1,"2025/3/26 5:00","2025/3/31 8:59",0,0,0,0,1
1611,100,2000.0,8004,100,1,-1,"2025/3/26 5:00","2025/3/31 8:59",0,0,0,0,1
1612,101,2000.0,8005,100,1,-1,"2025/3/26 5:00","2025/3/31 8:59",0,0,0,0,1
1613,81,2000.0,101,80,1,-1,"2025/3/24 5:00","2025/3/31 8:59",0,0,0,0,1
1614,82,2000.0,102,80,1,-1,"2025/3/24 5:00","2025/3/31 8:59",0,0,0,0,1
1615,83,2000.0,111,80,1,-1,"2025/3/24 5:00","2025/3/31 8:59",0,0,0,0,1
1616,84,2000.0,109,80,1,-1,"2025/3/24 5:00","2025/3/31 8:59",0,0,0,0,1
1617,85,2000.0,112,80,1,-1,"2025/3/24 5:00","2025/3/31 8:59",0,0,0,0,1
1618,351,2000.0,8004,80,1,-1,"2025/3/24 5:00","2025/3/31 8:59",0,0,0,0,1
1619,352,2000.0,8005,80,1,-1,"2025/3/24 5:00","2025/3/31 8:59",0,0,0,0,1
1620,251,2000.0,7004,80,1,-1,"2025/3/16 12:00","2025/3/23 23:59",0,0,0,0,1
1621,252,2000.0,7005,80,1,-1,"2025/3/16 12:00","2025/3/23 23:59",0,0,0,0,1
1622,418,2000.0,1001,155,1,-1,"2022/1/31 5:00","2099/12/14 23:59",0,0,0,0,1
1630,151,3000.0,6004,80,1,-1,"2025/3/31 9:00","2025/4/1 4:59",0,0,0,0,1
1631,152,3000.0,6005,80,1,-1,"2025/3/31 9:00","2025/4/1 4:59",0,0,0,0,1
1632,251,3000.0,7004,80,1,-1,"2025/3/31 9:00","2025/4/1 4:59",0,0,0,0,1
1633,252,3000.0,7005,80,1,-1,"2025/3/31 9:00","2025/4/1 4:59",0,0,0,0,1
1634,151,2000.0,6004,80,1,-1,"2025/4/1 5:00","2025/4/14 23:59",0,0,0,0,1
1635,152,2000.0,6005,80,1,-1,"2025/4/1 5:00","2025/4/14 23:59",0,0,0,0,1
1636,251,2000.0,7004,80,1,-1,"2025/4/1 5:00","2025/4/7 23:59",0,0,0,0,1
1637,252,2000.0,7005,80,1,-1,"2025/4/1 5:00","2025/4/7 23:59",0,0,0,0,1
1638,131,2000.0,6004,30,1,-1,"2025/3/31 9:00","2025/4/14 23:59",0,0,0,0,1
1639,132,2000.0,6005,30,1,-1,"2025/3/31 9:00","2025/4/14 23:59",0,0,0,0,1
1640,141,2000.0,6004,40,1,-1,"2025/3/31 9:00","2025/4/14 23:59",0,0,0,0,1
1641,142,2000.0,6005,40,1,-1,"2025/3/31 9:00","2025/4/14 23:59",0,0,0,0,1
1642,231,2000.0,7004,30,1,-1,"2025/3/31 9:00","2025/4/7 23:59",0,0,0,0,1
1643,232,2000.0,7005,30,1,-1,"2025/3/31 9:00","2025/4/7 23:59",0,0,0,0,1
1644,241,2000.0,7004,40,1,-1,"2025/3/31 9:00","2025/4/7 23:59",0,0,0,0,1
1645,242,2000.0,7005,40,1,-1,"2025/3/31 9:00","2025/4/7 23:59",0,0,0,0,1
1646,331,2000.0,8004,30,1,-1,"2025/3/31 9:00","2099/12/14 23:59",0,0,0,0,1
1647,332,2000.0,8005,30,1,-1,"2025/3/31 9:00","2099/12/14 23:59",0,0,0,0,1
1648,341,2000.0,8004,40,1,-1,"2025/3/31 9:00","2099/12/14 23:59",0,0,0,0,1
1649,342,2000.0,8005,40,1,-1,"2025/3/31 9:00","2099/12/14 23:59",0,0,0,0,1
1650,351,3000.0,8004,80,1,-1,"2025/3/31 9:00","2025/4/1 4:59",0,0,0,0,1
1651,352,3000.0,8005,80,1,-1,"2025/3/31 9:00","2025/4/1 4:59",0,0,0,0,1
1652,351,2000.0,8004,80,1,-1,"2025/4/1 5:00","2025/4/23 4:59",0,0,0,0,1
1653,352,2000.0,8005,80,1,-1,"2025/4/1 5:00","2025/4/23 4:59",0,0,0,0,1
1654,351,4000.0,8004,80,1,-1,"2025/4/23 5:00","2025/4/30 4:59",0,0,0,0,1
1655,352,4000.0,8005,80,1,-1,"2025/4/23 5:00","2025/4/30 4:59",0,0,0,0,1
1656,351,2000.0,8004,80,1,-1,"2025/4/30 5:00","2025/5/23 4:59",0,0,0,0,1
1657,352,2000.0,8005,80,1,-1,"2025/4/30 5:00","2025/5/23 4:59",0,0,0,0,1
1658,351,4000.0,8004,80,1,-1,"2025/5/23 5:00","2025/5/30 4:59",0,0,0,0,1
1659,352,4000.0,8005,80,1,-1,"2025/5/23 5:00","2025/5/30 4:59",0,0,0,0,1
1660,35,2000.0,104,30,1,-1,"2025/3/31 9:00","2099/12/14 23:59",0,0,0,0,1
1661,51,2000.0,104,50,1,-1,"2025/3/31 9:00","2099/12/14 23:59",0,0,0,0,1
1662,31,4000.0,101,30,1,-1,"2025/3/31 9:00","2025/4/8 4:59",0,0,0,0,1
1663,41,4000.0,101,40,1,-1,"2025/3/31 9:00","2025/4/8 4:59",0,0,0,0,1
1664,31,6000.0,101,30,1,-1,"2025/4/8 5:00","2025/4/15 4:59",0,0,0,0,1
1665,41,4000.0,101,40,1,-1,"2025/4/8 5:00","2025/4/15 4:59",0,0,0,0,1
1666,31,8000.0,101,30,1,-1,"2025/4/15 5:00","2025/4/23 4:59",0,0,0,0,1
1667,41,4000.0,101,40,1,-1,"2025/4/15 5:00","2025/4/23 4:59",0,0,0,0,1
1668,31,6000.0,101,30,1,-1,"2025/4/23 5:00","2025/4/30 4:59",0,0,0,0,1
1669,41,4000.0,101,40,1,-1,"2025/4/23 5:00","2025/4/30 4:59",0,0,0,0,1
1670,32,2000.0,102,30,1,-1,"2025/3/31 9:00","2025/4/1 4:59",0,0,0,0,1
1671,42,2000.0,102,40,1,-1,"2025/3/31 9:00","2025/4/1 4:59",0,0,0,0,1
1672,32,4000.0,102,30,1,-1,"2025/4/1 5:00","2025/4/15 4:59",0,0,0,0,1
1673,42,4000.0,102,40,1,-1,"2025/4/1 5:00","2025/4/15 4:59",0,0,0,0,1
1674,32,8000.0,102,30,1,-1,"2025/4/15 5:00","2025/4/23 4:59",0,0,0,0,1
1675,42,8000.0,102,40,1,-1,"2025/4/15 5:00","2025/4/23 4:59",0,0,0,0,1
1676,32,4000.0,102,30,1,-1,"2025/4/23 5:00","2025/4/30 4:59",0,0,0,0,1
1677,42,4000.0,102,40,1,-1,"2025/4/23 5:00","2025/4/30 4:59",0,0,0,0,1
1678,39,2000.0,111,30,1,-1,"2025/3/31 9:00","2025/4/15 4:59",0,0,0,0,1
1679,49,2000.0,111,40,1,-1,"2025/3/31 9:00","2025/4/15 4:59",0,0,0,0,1
1680,39,8000.0,111,30,1,-1,"2025/4/15 5:00","2025/4/23 4:59",0,0,0,0,1
1681,49,8000.0,111,40,1,-1,"2025/4/15 5:00","2025/4/23 4:59",0,0,0,0,1
1682,39,2000.0,111,30,1,-1,"2025/4/23 5:00","2025/4/30 4:59",0,0,0,0,1
1683,49,2000.0,111,40,1,-1,"2025/4/23 5:00","2025/4/30 4:59",0,0,0,0,1
1684,37,4000.0,109,30,1,-1,"2025/3/31 9:00","2025/4/1 4:59",0,0,0,0,1
1685,38,4000.0,112,30,1,-1,"2025/3/31 9:00","2025/4/1 4:59",0,0,0,0,1
1686,37,2000.0,109,30,1,-1,"2025/4/1 5:00","2025/4/8 4:59",0,0,0,0,1
1687,38,2000.0,112,30,1,-1,"2025/4/1 5:00","2025/4/8 4:59",0,0,0,0,1
1688,37,4000.0,109,30,1,-1,"2025/4/8 5:00","2025/4/15 4:59",0,0,0,0,1
1689,38,4000.0,112,30,1,-1,"2025/4/8 5:00","2025/4/15 4:59",0,0,0,0,1
1690,37,8000.0,109,30,1,-1,"2025/4/15 5:00","2025/4/23 4:59",0,0,0,0,1
1691,38,8000.0,112,30,1,-1,"2025/4/15 5:00","2025/4/23 4:59",0,0,0,0,1
1692,37,2000.0,109,30,1,-1,"2025/4/23 5:00","2025/5/8 4:59",0,0,0,0,1
1693,38,2000.0,112,30,1,-1,"2025/4/23 5:00","2025/5/8 4:59",0,0,0,0,1
1694,45,4000.0,104,40,1,-1,"2025/3/31 9:00","2025/4/1 4:59",0,0,0,0,1
1695,45,2000.0,104,40,1,-1,"2025/4/1 5:00","2025/4/23 4:59",0,0,0,0,1
1696,45,4000.0,104,40,1,-1,"2025/4/23 5:00","2025/4/30 4:59",0,0,0,0,1
1697,91,3000.0,101,100,1,-1,"2025/3/31 9:00","2025/4/1 4:59",0,0,0,0,1
1698,92,3000.0,102,100,1,-1,"2025/3/31 9:00","2025/4/1 4:59",0,0,0,0,1
1699,93,3000.0,111,100,1,-1,"2025/3/31 9:00","2025/4/1 4:59",0,0,0,0,1
1700,94,3000.0,109,100,1,-1,"2025/3/31 9:00","2025/4/1 4:59",0,0,0,0,1
1701,95,3000.0,112,100,1,-1,"2025/3/31 9:00","2025/4/1 4:59",0,0,0,0,1
1702,100,3000.0,8004,100,1,-1,"2025/3/31 9:00","2025/4/1 4:59",0,0,0,0,1
1703,101,3000.0,8005,100,1,-1,"2025/3/31 9:00","2025/4/1 4:59",0,0,0,0,1
1704,96,3000.0,6004,100,1,-1,"2025/3/31 9:00","2025/4/1 4:59",0,0,0,0,1
1705,97,3000.0,6005,100,1,-1,"2025/3/31 9:00","2025/4/1 4:59",0,0,0,0,1
1706,98,3000.0,7004,100,1,-1,"2025/3/31 9:00","2025/4/1 4:59",0,0,0,0,1
1707,99,3000.0,7005,100,1,-1,"2025/3/31 9:00","2025/4/1 4:59",0,0,0,0,1
1708,91,2000.0,101,100,1,-1,"2025/4/1 5:00","2025/4/8 4:59",0,0,0,0,1
1709,92,2000.0,102,100,1,-1,"2025/4/1 5:00","2025/4/8 4:59",0,0,0,0,1
1710,93,2000.0,111,100,1,-1,"2025/4/1 5:00","2025/4/8 4:59",0,0,0,0,1
1711,94,2000.0,109,100,1,-1,"2025/4/1 5:00","2025/4/8 4:59",0,0,0,0,1
1712,95,2000.0,112,100,1,-1,"2025/4/1 5:00","2025/4/8 4:59",0,0,0,0,1
1713,100,2000.0,8004,100,1,-1,"2025/4/1 5:00","2025/4/8 4:59",0,0,0,0,1
1714,101,2000.0,8005,100,1,-1,"2025/4/1 5:00","2025/4/8 4:59",0,0,0,0,1
1715,96,2000.0,6004,100,1,-1,"2025/4/1 5:00","2025/4/8 4:59",0,0,0,0,1
1716,97,2000.0,6005,100,1,-1,"2025/4/1 5:00","2025/4/8 4:59",0,0,0,0,1
1717,98,2000.0,7004,100,1,-1,"2025/4/1 5:00","2025/4/8 4:59",0,0,0,0,1
1718,99,2000.0,7005,100,1,-1,"2025/4/1 5:00","2025/4/8 4:59",0,0,0,0,1
1719,91,3000.0,101,100,1,-1,"2025/4/8 5:00","2025/4/15 4:59",0,0,0,0,1
1720,92,3000.0,102,100,1,-1,"2025/4/8 5:00","2025/4/15 4:59",0,0,0,0,1
1721,93,3000.0,111,100,1,-1,"2025/4/8 5:00","2025/4/15 4:59",0,0,0,0,1
1722,94,3000.0,109,100,1,-1,"2025/4/8 5:00","2025/4/15 4:59",0,0,0,0,1
1723,95,3000.0,112,100,1,-1,"2025/4/8 5:00","2025/4/15 4:59",0,0,0,0,1
1724,100,3000.0,8004,100,1,-1,"2025/4/8 5:00","2025/4/15 4:59",0,0,0,0,1
1725,101,3000.0,8005,100,1,-1,"2025/4/8 5:00","2025/4/15 4:59",0,0,0,0,1
1726,96,3000.0,6004,100,1,-1,"2025/4/8 5:00","2025/4/14 23:59",0,0,0,0,1
1727,97,3000.0,6005,100,1,-1,"2025/4/8 5:00","2025/4/14 23:59",0,0,0,0,1
1728,91,2000.0,101,100,1,-1,"2025/4/15 5:00","2025/4/23 4:59",0,0,0,0,1
1729,92,2000.0,102,100,1,-1,"2025/4/15 5:00","2025/4/23 4:59",0,0,0,0,1
1730,93,2000.0,111,100,1,-1,"2025/4/15 5:00","2025/4/23 4:59",0,0,0,0,1
1731,94,2000.0,109,100,1,-1,"2025/4/15 5:00","2025/4/23 4:59",0,0,0,0,1
1732,95,2000.0,112,100,1,-1,"2025/4/15 5:00","2025/4/23 4:59",0,0,0,0,1
1733,100,2000.0,8004,100,1,-1,"2025/4/15 5:00","2025/4/23 4:59",0,0,0,0,1
1734,101,2000.0,8005,100,1,-1,"2025/4/15 5:00","2025/4/23 4:59",0,0,0,0,1
1735,96,2000.0,6004,100,1,-1,"2025/4/15 11:00","2025/4/23 4:59",0,0,0,0,1
1736,97,2000.0,6005,100,1,-1,"2025/4/15 11:00","2025/4/23 4:59",0,0,0,0,1
1737,98,2000.0,7004,100,1,-1,"2025/4/15 11:00","2025/4/22 23:59",0,0,0,0,1
1738,99,2000.0,7005,100,1,-1,"2025/4/15 11:00","2025/4/22 23:59",0,0,0,0,1
1739,91,3000.0,101,100,1,-1,"2025/4/23 5:00","2025/4/30 4:59",0,0,0,0,1
1740,92,3000.0,102,100,1,-1,"2025/4/23 5:00","2025/4/30 4:59",0,0,0,0,1
1741,93,3000.0,111,100,1,-1,"2025/4/23 5:00","2025/4/30 4:59",0,0,0,0,1
1742,94,3000.0,109,100,1,-1,"2025/4/23 5:00","2025/4/30 4:59",0,0,0,0,1
1743,95,3000.0,112,100,1,-1,"2025/4/23 5:00","2025/4/30 4:59",0,0,0,0,1
1744,100,3000.0,8004,100,1,-1,"2025/4/23 5:00","2025/4/30 4:59",0,0,0,0,1
1745,101,3000.0,8005,100,1,-1,"2025/4/23 5:00","2025/4/30 4:59",0,0,0,0,1
1746,96,3000.0,6004,100,1,-1,"2025/4/23 5:00","2025/4/29 23:59",0,0,0,0,1
1747,97,3000.0,6005,100,1,-1,"2025/4/23 5:00","2025/4/29 23:59",0,0,0,0,1
1748,81,3000.0,101,80,1,-1,"2025/3/31 9:00","2025/4/1 4:59",0,0,0,0,1
1749,82,3000.0,102,80,1,-1,"2025/3/31 9:00","2025/4/1 4:59",0,0,0,0,1
1750,83,3000.0,111,80,1,-1,"2025/3/31 9:00","2025/4/1 4:59",0,0,0,0,1
1751,84,3000.0,109,80,1,-1,"2025/3/31 9:00","2025/4/1 4:59",0,0,0,0,1
1752,85,3000.0,112,80,1,-1,"2025/3/31 9:00","2025/4/1 4:59",0,0,0,0,1
1753,81,2000.0,101,80,1,-1,"2025/4/1 5:00","2025/4/23 4:59",0,0,0,0,1
1754,82,2000.0,102,80,1,-1,"2025/4/1 5:00","2025/4/23 4:59",0,0,0,0,1
1755,83,2000.0,111,80,1,-1,"2025/4/1 5:00","2025/4/23 4:59",0,0,0,0,1
1756,84,2000.0,109,80,1,-1,"2025/4/1 5:00","2025/4/23 4:59",0,0,0,0,1
1757,85,2000.0,112,80,1,-1,"2025/4/1 5:00","2025/4/23 4:59",0,0,0,0,1
1758,81,4000.0,101,80,1,-1,"2025/4/23 5:00","2025/4/30 4:59",0,0,0,0,1
1759,82,4000.0,102,80,1,-1,"2025/4/23 5:00","2025/4/30 4:59",0,0,0,0,1
1760,83,4000.0,111,80,1,-1,"2025/4/23 5:00","2025/4/30 4:59",0,0,0,0,1
1761,84,4000.0,109,80,1,-1,"2025/4/23 5:00","2025/4/30 4:59",0,0,0,0,1
1762,85,4000.0,112,80,1,-1,"2025/4/23 5:00","2025/4/30 4:59",0,0,0,0,1
1763,34,4000.0,103,30,1,-1,"2025/3/31 9:00","2025/4/6 4:59",0,0,0,0,1
1764,44,4000.0,103,40,1,-1,"2025/3/31 9:00","2025/4/6 4:59",0,0,0,0,1
1765,34,2000.0,103,30,1,-1,"2025/4/6 5:00","2025/4/8 4:59",0,0,0,0,1
1766,44,2000.0,103,40,1,-1,"2025/4/6 5:00","2025/4/8 4:59",0,0,0,0,1
1767,34,4000.0,103,30,1,-1,"2025/4/8 5:00","2025/4/15 4:59",0,0,0,0,1
1768,44,4000.0,103,40,1,-1,"2025/4/8 5:00","2025/4/15 4:59",0,0,0,0,1
1769,34,2000.0,103,30,1,-1,"2025/4/15 5:00","2025/5/8 4:59",0,0,0,0,1
1770,44,2000.0,103,40,1,-1,"2025/4/15 5:00","2025/5/8 4:59",0,0,0,0,1
1771,131,2000.0,6004,30,1,-1,"2025/4/15 11:00","2025/4/29 23:59",0,0,0,0,1
1772,132,2000.0,6005,30,1,-1,"2025/4/15 11:00","2025/4/29 23:59",0,0,0,0,1
1773,141,2000.0,6004,40,1,-1,"2025/4/15 11:00","2025/4/29 23:59",0,0,0,0,1
1774,142,2000.0,6005,40,1,-1,"2025/4/15 11:00","2025/4/29 23:59",0,0,0,0,1
1775,231,2000.0,7004,30,1,-1,"2025/4/15 11:00","2025/4/22 23:59",0,0,0,0,1
1776,232,2000.0,7005,30,1,-1,"2025/4/15 11:00","2025/4/22 23:59",0,0,0,0,1
1777,241,2000.0,7004,40,1,-1,"2025/4/15 11:00","2025/4/22 23:59",0,0,0,0,1
1778,242,2000.0,7005,40,1,-1,"2025/4/15 11:00","2025/4/22 23:59",0,0,0,0,1
1779,151,2000.0,6004,80,1,-1,"2025/4/15 11:00","2025/4/23 4:59",0,0,0,0,1
1780,152,2000.0,6005,80,1,-1,"2025/4/15 11:00","2025/4/23 4:59",0,0,0,0,1
1781,151,4000.0,6004,80,1,-1,"2025/4/23 5:00","2025/4/29 23:59",0,0,0,0,1
1782,152,4000.0,6005,80,1,-1,"2025/4/23 5:00","2025/4/29 23:59",0,0,0,0,1
1783,251,2000.0,7004,80,1,-1,"2025/4/15 11:00","2025/4/22 23:59",0,0,0,0,1
1784,252,2000.0,7005,80,1,-1,"2025/4/15 11:00","2025/4/22 23:59",0,0,0,0,1
1785,541,2000.0,122,120,1,-1,"2025/4/9 5:00","2025/4/14 4:59",0,0,0,0,1
1786,31,2000.0,101,30,1,-1,"2025/4/30 5:00","2025/5/5 4:59",0,0,0,0,1
1787,41,2000.0,101,40,1,-1,"2025/4/30 5:00","2025/5/5 4:59",0,0,0,0,1
1788,31,4000.0,101,30,1,-1,"2025/5/5 5:00","2025/5/8 4:59",0,0,0,0,1
1789,41,4000.0,101,40,1,-1,"2025/5/5 5:00","2025/5/8 4:59",0,0,0,0,1
1790,31,6000.0,101,30,1,-1,"2025/5/8 5:00","2025/5/15 4:59",0,0,0,0,1
1791,41,4000.0,101,40,1,-1,"2025/5/8 5:00","2025/5/15 4:59",0,0,0,0,1
1792,31,2000.0,101,30,1,-1,"2025/5/15 5:00","2025/5/23 4:59",0,0,0,0,1
1793,41,2000.0,101,40,1,-1,"2025/5/15 5:00","2025/5/23 4:59",0,0,0,0,1
1794,32,2000.0,102,30,1,-1,"2025/4/30 5:00","2025/5/5 4:59",0,0,0,0,1
1795,42,2000.0,102,40,1,-1,"2025/4/30 5:00","2025/5/5 4:59",0,0,0,0,1
1796,32,4000.0,102,30,1,-1,"2025/5/5 5:00","2025/5/15 4:59",0,0,0,0,1
1797,42,4000.0,102,40,1,-1,"2025/5/5 5:00","2025/5/15 4:59",0,0,0,0,1
1798,32,2000.0,102,30,1,-1,"2025/5/15 5:00","2025/5/23 4:59",0,0,0,0,1
1799,42,2000.0,102,40,1,-1,"2025/5/15 5:00","2025/5/23 4:59",0,0,0,0,1
1800,39,4000.0,111,30,1,-1,"2025/4/30 5:00","2025/5/5 4:59",0,0,0,0,1
1801,49,4000.0,111,40,1,-1,"2025/4/30 5:00","2025/5/5 4:59",0,0,0,0,1
1802,39,2000.0,111,30,1,-1,"2025/5/5 5:00","2025/5/15 4:59",0,0,0,0,1
1803,49,2000.0,111,40,1,-1,"2025/5/5 5:00","2025/5/15 4:59",0,0,0,0,1
1804,39,4000.0,111,30,1,-1,"2025/5/15 5:00","2025/5/23 4:59",0,0,0,0,1
1805,49,4000.0,111,40,1,-1,"2025/5/15 5:00","2025/5/23 4:59",0,0,0,0,1
1806,37,4000.0,109,30,1,-1,"2025/5/8 5:00","2025/5/15 4:59",0,0,0,0,1
1807,38,4000.0,112,30,1,-1,"2025/5/8 5:00","2025/5/15 4:59",0,0,0,0,1
1808,37,2000.0,109,30,1,-1,"2025/5/15 5:00","2025/5/30 4:59",0,0,0,0,1
1809,38,2000.0,112,30,1,-1,"2025/5/15 5:00","2025/5/30 4:59",0,0,0,0,1
1810,45,2000.0,104,40,1,-1,"2025/4/30 5:00","2025/5/23 4:59",0,0,0,0,1
1811,34,4000.0,103,30,1,-1,"2025/5/8 5:00","2025/5/15 4:59",0,0,0,0,1
1812,44,4000.0,103,40,1,-1,"2025/5/8 5:00","2025/5/15 4:59",0,0,0,0,1
1813,34,2000.0,103,30,1,-1,"2025/5/15 5:00","2025/5/30 10:59",0,0,0,0,1
1814,44,2000.0,103,40,1,-1,"2025/5/15 5:00","2025/5/30 10:59",0,0,0,0,1
1815,91,2000.0,101,100,1,-1,"2025/4/30 5:00","2025/5/8 4:59",0,0,0,0,1
1816,92,2000.0,102,100,1,-1,"2025/4/30 5:00","2025/5/8 4:59",0,0,0,0,1
1817,93,2000.0,111,100,1,-1,"2025/4/30 5:00","2025/5/8 4:59",0,0,0,0,1
1818,94,2000.0,109,100,1,-1,"2025/4/30 5:00","2025/5/8 4:59",0,0,0,0,1
1819,95,2000.0,112,100,1,-1,"2025/4/30 5:00","2025/5/8 4:59",0,0,0,0,1
1820,100,2000.0,8004,100,1,-1,"2025/4/30 5:00","2025/5/8 4:59",0,0,0,0,1
1821,101,2000.0,8005,100,1,-1,"2025/4/30 5:00","2025/5/8 4:59",0,0,0,0,1
1822,96,2000.0,6004,100,1,-1,"2025/4/30 11:00","2025/5/8 4:59",0,0,0,0,1
1823,97,2000.0,6005,100,1,-1,"2025/4/30 11:00","2025/5/8 4:59",0,0,0,0,1
1824,98,2000.0,7004,100,1,-1,"2025/4/30 11:00","2025/5/7 23:59",0,0,0,0,1
1825,99,2000.0,7005,100,1,-1,"2025/4/30 11:00","2025/5/7 23:59",0,0,0,0,1
1826,91,3000.0,101,100,1,-1,"2025/5/8 5:00","2025/5/15 4:59",0,0,0,0,1
1827,92,3000.0,102,100,1,-1,"2025/5/8 5:00","2025/5/15 4:59",0,0,0,0,1
1828,93,3000.0,111,100,1,-1,"2025/5/8 5:00","2025/5/15 4:59",0,0,0,0,1
1829,94,3000.0,109,100,1,-1,"2025/5/8 5:00","2025/5/15 4:59",0,0,0,0,1
1830,95,3000.0,112,100,1,-1,"2025/5/8 5:00","2025/5/15 4:59",0,0,0,0,1
1831,100,3000.0,8004,100,1,-1,"2025/5/8 5:00","2025/5/15 4:59",0,0,0,0,1
1832,101,3000.0,8005,100,1,-1,"2025/5/8 5:00","2025/5/15 4:59",0,0,0,0,1
1833,96,3000.0,6004,100,1,-1,"2025/5/8 5:00","2025/5/14 23:59",0,0,0,0,1
1834,97,3000.0,6005,100,1,-1,"2025/5/8 5:00","2025/5/14 23:59",0,0,0,0,1
1835,91,2000.0,101,100,1,-1,"2025/5/15 5:00","2025/5/23 4:59",0,0,0,0,1
1836,92,2000.0,102,100,1,-1,"2025/5/15 5:00","2025/5/23 4:59",0,0,0,0,1
1837,93,2000.0,111,100,1,-1,"2025/5/15 5:00","2025/5/23 4:59",0,0,0,0,1
1838,94,2000.0,109,100,1,-1,"2025/5/15 5:00","2025/5/23 4:59",0,0,0,0,1
1839,95,2000.0,112,100,1,-1,"2025/5/15 5:00","2025/5/23 4:59",0,0,0,0,1
1840,100,2000.0,8004,100,1,-1,"2025/5/15 5:00","2025/5/23 4:59",0,0,0,0,1
1841,101,2000.0,8005,100,1,-1,"2025/5/15 5:00","2025/5/23 4:59",0,0,0,0,1
1842,96,2000.0,6004,100,1,-1,"2025/5/15 11:00","2025/5/23 4:59",0,0,0,0,1
1843,97,2000.0,6005,100,1,-1,"2025/5/15 11:00","2025/5/23 4:59",0,0,0,0,1
1844,98,2000.0,7004,100,1,-1,"2025/5/15 11:00","2025/5/22 23:59",0,0,0,0,1
1845,99,2000.0,7005,100,1,-1,"2025/5/15 11:00","2025/5/22 23:59",0,0,0,0,1
1846,81,2000.0,101,80,1,-1,"2025/4/30 5:00","2025/5/23 4:59",0,0,0,0,1
1847,82,2000.0,102,80,1,-1,"2025/4/30 5:00","2025/5/23 4:59",0,0,0,0,1
1848,83,2000.0,111,80,1,-1,"2025/4/30 5:00","2025/5/23 4:59",0,0,0,0,1
1849,84,2000.0,109,80,1,-1,"2025/4/30 5:00","2025/5/23 4:59",0,0,0,0,1
1850,85,2000.0,112,80,1,-1,"2025/4/30 5:00","2025/5/23 4:59",0,0,0,0,1
1851,151,2000.0,6004,80,1,-1,"2025/4/30 11:00","2025/5/14 23:59",0,0,0,0,1
1852,152,2000.0,6005,80,1,-1,"2025/4/30 11:00","2025/5/14 23:59",0,0,0,0,1
1853,131,2000.0,6004,30,1,-1,"2025/4/30 11:00","2025/5/14 23:59",0,0,0,0,1
1854,132,2000.0,6005,30,1,-1,"2025/4/30 11:00","2025/5/14 23:59",0,0,0,0,1
1855,141,2000.0,6004,40,1,-1,"2025/4/30 11:00","2025/5/14 23:59",0,0,0,0,1
1856,142,2000.0,6005,40,1,-1,"2025/4/30 11:00","2025/5/14 23:59",0,0,0,0,1
1857,231,2000.0,7004,30,1,-1,"2025/4/30 11:00","2025/5/7 23:59",0,0,0,0,1
1858,232,2000.0,7005,30,1,-1,"2025/4/30 11:00","2025/5/7 23:59",0,0,0,0,1
1859,241,2000.0,7004,40,1,-1,"2025/4/30 11:00","2025/5/7 23:59",0,0,0,0,1
1860,242,2000.0,7005,40,1,-1,"2025/4/30 11:00","2025/5/7 23:59",0,0,0,0,1
1861,251,2000.0,7004,80,1,-1,"2025/4/30 11:00","2025/5/7 23:59",0,0,0,0,1
1862,252,2000.0,7005,80,1,-1,"2025/4/30 11:00","2025/5/7 23:59",0,0,0,0,1
1863,31,6000.0,101,30,1,-1,"2025/5/23 5:00","2025/5/30 4:59",0,0,0,0,1
1864,41,4000.0,101,40,1,-1,"2025/5/23 5:00","2025/5/30 4:59",0,0,0,0,1
1865,31,2000.0,101,30,1,-1,"2025/5/30 5:00","2025/5/30 10:59",0,0,0,0,1
1866,41,2000.0,101,40,1,-1,"2025/5/30 5:00","2025/5/30 10:59",0,0,0,0,1
1867,32,4000.0,102,30,1,-1,"2025/5/23 5:00","2025/5/30 4:59",0,0,0,0,1
1868,42,4000.0,102,40,1,-1,"2025/5/23 5:00","2025/5/30 4:59",0,0,0,0,1
1869,32,2000.0,102,30,1,-1,"2025/5/30 5:00","2025/5/30 10:59",0,0,0,0,1
1870,42,2000.0,102,40,1,-1,"2025/5/30 5:00","2025/5/30 10:59",0,0,0,0,1
1871,39,2000.0,111,30,1,-1,"2025/5/23 5:00","2025/5/30 4:59",0,0,0,0,1
1872,49,2000.0,111,40,1,-1,"2025/5/23 5:00","2025/5/30 4:59",0,0,0,0,1
1873,39,4000.0,111,30,1,-1,"2025/5/30 5:00","2025/6/5 4:59",0,0,0,0,1
1874,49,4000.0,111,40,1,-1,"2025/5/30 5:00","2025/6/5 4:59",0,0,0,0,1
1875,45,4000.0,104,40,1,-1,"2025/5/23 5:00","2025/5/30 4:59",0,0,0,0,1
1876,45,2000.0,104,40,1,-1,"2025/5/30 5:00","2025/6/14 4:59",0,0,0,0,1
1877,91,3000.0,101,100,1,-1,"2025/5/23 5:00","2025/5/30 4:59",0,0,0,0,1
1878,92,3000.0,102,100,1,-1,"2025/5/23 5:00","2025/5/30 4:59",0,0,0,0,1
1879,93,3000.0,111,100,1,-1,"2025/5/23 5:00","2025/5/30 4:59",0,0,0,0,1
1880,94,3000.0,109,100,1,-1,"2025/5/23 5:00","2025/5/30 4:59",0,0,0,0,1
1881,95,3000.0,112,100,1,-1,"2025/5/23 5:00","2025/5/30 4:59",0,0,0,0,1
1882,100,3000.0,8004,100,1,-1,"2025/5/23 5:00","2025/5/30 4:59",0,0,0,0,1
1883,101,3000.0,8005,100,1,-1,"2025/5/23 5:00","2025/5/30 4:59",0,0,0,0,1
1884,96,3000.0,6004,100,1,-1,"2025/5/23 5:00","2025/5/29 23:59",0,0,0,0,1
1885,97,3000.0,6005,100,1,-1,"2025/5/23 5:00","2025/5/29 23:59",0,0,0,0,1
1886,91,2000.0,101,100,1,-1,"2025/5/30 5:00","2025/5/30 10:59",0,0,0,0,1
1887,92,2000.0,102,100,1,-1,"2025/5/30 5:00","2025/5/30 10:59",0,0,0,0,1
1888,93,2000.0,111,100,1,-1,"2025/5/30 5:00","2025/5/30 10:59",0,0,0,0,1
1889,94,2000.0,109,100,1,-1,"2025/5/30 5:00","2025/5/30 10:59",0,0,0,0,1
1890,95,2000.0,112,100,1,-1,"2025/5/30 5:00","2025/5/30 10:59",0,0,0,0,1
1891,100,2000.0,8004,100,1,-1,"2025/5/30 5:00","2025/5/30 10:59",0,0,0,0,1
1892,101,2000.0,8005,100,1,-1,"2025/5/30 5:00","2025/5/30 10:59",0,0,0,0,1
1893,81,4000.0,101,80,1,-1,"2025/5/23 5:00","2025/5/30 4:59",0,0,0,0,1
1894,82,4000.0,102,80,1,-1,"2025/5/23 5:00","2025/5/30 4:59",0,0,0,0,1
1895,83,4000.0,111,80,1,-1,"2025/5/23 5:00","2025/5/30 4:59",0,0,0,0,1
1896,84,4000.0,109,80,1,-1,"2025/5/23 5:00","2025/5/30 4:59",0,0,0,0,1
1897,85,4000.0,112,80,1,-1,"2025/5/23 5:00","2025/5/30 4:59",0,0,0,0,1
1898,81,2000.0,101,80,1,-1,"2025/5/30 5:00","2025/5/30 10:59",0,0,0,0,1
1899,82,2000.0,102,80,1,-1,"2025/5/30 5:00","2025/5/30 10:59",0,0,0,0,1
1900,83,2000.0,111,80,1,-1,"2025/5/30 5:00","2025/5/30 10:59",0,0,0,0,1
1901,84,2000.0,109,80,1,-1,"2025/5/30 5:00","2025/5/30 10:59",0,0,0,0,1
1902,85,2000.0,112,80,1,-1,"2025/5/30 5:00","2025/5/30 10:59",0,0,0,0,1
1903,351,2000.0,8004,80,1,-1,"2025/5/30 5:00","2025/5/30 10:59",0,0,0,0,1
1904,352,2000.0,8005,80,1,-1,"2025/5/30 5:00","2025/5/30 10:59",0,0,0,0,1
1905,151,2000.0,6004,80,1,-1,"2025/5/15 11:00","2025/5/23 4:59",0,0,0,0,1
1906,152,2000.0,6005,80,1,-1,"2025/5/15 11:00","2025/5/23 4:59",0,0,0,0,1
1907,151,4000.0,6004,80,1,-1,"2025/5/23 5:00","2025/5/29 23:59",0,0,0,0,1
1908,152,4000.0,6005,80,1,-1,"2025/5/23 5:00","2025/5/29 23:59",0,0,0,0,1
1909,131,2000.0,6004,30,1,-1,"2025/5/15 11:00","2025/5/29 23:59",0,0,0,0,1
1910,132,2000.0,6005,30,1,-1,"2025/5/15 11:00","2025/5/29 23:59",0,0,0,0,1
1911,141,2000.0,6004,40,1,-1,"2025/5/15 11:00","2025/5/29 23:59",0,0,0,0,1
1912,142,2000.0,6005,40,1,-1,"2025/5/15 11:00","2025/5/29 23:59",0,0,0,0,1
1913,231,2000.0,7004,30,1,-1,"2025/5/15 11:00","2025/5/22 23:59",0,0,0,0,1
1914,232,2000.0,7005,30,1,-1,"2025/5/15 11:00","2025/5/22 23:59",0,0,0,0,1
1915,241,2000.0,7004,40,1,-1,"2025/5/15 11:00","2025/5/22 23:59",0,0,0,0,1
1916,242,2000.0,7005,40,1,-1,"2025/5/15 11:00","2025/5/22 23:59",0,0,0,0,1
1917,251,2000.0,7004,80,1,-1,"2025/5/15 11:00","2025/5/22 23:59",0,0,0,0,1
1918,252,2000.0,7005,80,1,-1,"2025/5/15 11:00","2025/5/22 23:59",0,0,0,0,1
1919,541,2000.0,122,120,1,-1,"2025/5/24 5:00","2025/5/29 4:59",0,0,0,0,1
1920,31,4000.0,101,30,1,-1,"2025/6/5 5:00","2025/6/14 4:59",0,0,0,0,1
1921,41,4000.0,101,40,1,-1,"2025/6/5 5:00","2025/6/14 4:59",0,0,0,0,1
1922,32,4000.0,102,30,1,-1,"2025/6/5 5:00","2025/6/14 4:59",0,0,0,0,1
1923,42,4000.0,102,40,1,-1,"2025/6/5 5:00","2025/6/14 4:59",0,0,0,0,1
1924,31,8000.0,101,30,1,-1,"2025/6/14 5:00","2025/6/30 4:59",0,0,0,0,1
1925,41,4000.0,101,40,1,-1,"2025/6/14 5:00","2025/6/30 4:59",0,0,0,0,1
1926,32,8000.0,102,30,1,-1,"2025/6/14 5:00","2025/6/30 4:59",0,0,0,0,1
1927,42,8000.0,102,40,1,-1,"2025/6/14 5:00","2025/6/30 4:59",0,0,0,0,1
1928,39,8000.0,111,30,1,-1,"2025/6/14 5:00","2025/6/30 4:59",0,0,0,0,1
1929,49,8000.0,111,40,1,-1,"2025/6/14 5:00","2025/6/30 4:59",0,0,0,0,1
1930,37,8000.0,109,30,1,-1,"2025/6/14 5:00","2025/6/30 4:59",0,0,0,0,1
1931,38,8000.0,112,30,1,-1,"2025/6/14 5:00","2025/6/30 4:59",0,0,0,0,1
1932,45,4000.0,104,40,1,-1,"2025/6/14 5:00","2025/6/30 4:59",0,0,0,0,1
1933,34,8000.0,103,30,1,-1,"2025/6/14 5:00","2025/6/30 4:59",0,0,0,0,1
1934,44,8000.0,103,40,1,-1,"2025/6/14 5:00","2025/6/30 4:59",0,0,0,0,1
1935,91,5000.0,101,100,1,-1,"2025/6/14 5:00","2025/6/30 4:59",0,0,0,0,1
1936,92,5000.0,102,100,1,-1,"2025/6/14 5:00","2025/6/30 4:59",0,0,0,0,1
1937,93,5000.0,111,100,1,-1,"2025/6/14 5:00","2025/6/30 4:59",0,0,0,0,1
1938,94,5000.0,109,100,1,-1,"2025/6/14 5:00","2025/6/30 4:59",0,0,0,0,1
1939,95,5000.0,112,100,1,-1,"2025/6/14 5:00","2025/6/30 4:59",0,0,0,0,1
1940,100,5000.0,8004,100,1,-1,"2025/6/14 5:00","2025/6/30 4:59",0,0,0,0,1
1941,101,5000.0,8005,100,1,-1,"2025/6/14 5:00","2025/6/30 4:59",0,0,0,0,1
1942,98,5000.0,7004,100,1,-1,"2025/6/15 12:00","2025/6/22 23:59",0,0,0,0,1
1943,99,5000.0,7005,100,1,-1,"2025/6/15 12:00","2025/6/22 23:59",0,0,0,0,1
1944,81,4000.0,101,80,1,-1,"2025/6/14 5:00","2025/6/30 4:59",0,0,0,0,1
1945,82,4000.0,102,80,1,-1,"2025/6/14 5:00","2025/6/30 4:59",0,0,0,0,1
1946,83,4000.0,111,80,1,-1,"2025/6/14 5:00","2025/6/30 4:59",0,0,0,0,1
1947,84,4000.0,109,80,1,-1,"2025/6/14 5:00","2025/6/30 4:59",0,0,0,0,1
1948,85,4000.0,112,80,1,-1,"2025/6/14 5:00","2025/6/30 4:59",0,0,0,0,1
1949,351,4000.0,8004,80,1,-1,"2025/6/14 5:00","2025/6/30 4:59",0,0,0,0,1
1950,352,4000.0,8005,80,1,-1,"2025/6/14 5:00","2025/6/30 4:59",0,0,0,0,1
1951,151,2000.0,6004,80,1,-1,"2025/5/30 11:00","2025/6/13 23:59",0,0,0,0,1
1952,152,2000.0,6005,80,1,-1,"2025/5/30 11:00","2025/6/13 23:59",0,0,0,0,1
1953,31,2000.0,101,30,1,-1,"2025/6/30 5:00","2025/7/5 4:59",0,0,0,0,1
1954,41,2000.0,101,40,1,-1,"2025/6/30 5:00","2025/7/5 4:59",0,0,0,0,1
1955,32,2000.0,102,30,1,-1,"2025/6/30 5:00","2025/7/5 4:59",0,0,0,0,1
1956,42,2000.0,102,40,1,-1,"2025/6/30 5:00","2025/7/5 4:59",0,0,0,0,1
1957,39,4000.0,111,30,1,-1,"2025/6/30 5:00","2025/7/5 4:59",0,0,0,0,1
1958,49,4000.0,111,40,1,-1,"2025/6/30 5:00","2025/7/5 4:59",0,0,0,0,1
1959,37,2000.0,109,30,1,-1,"2025/6/30 5:00","2025/7/8 4:59",0,0,0,0,1
1960,38,2000.0,112,30,1,-1,"2025/6/30 5:00","2025/7/8 4:59",0,0,0,0,1
1961,45,2000.0,104,40,1,-1,"2025/6/30 5:00","2025/7/22 4:59",0,0,0,0,1
1962,34,2000.0,103,30,1,-1,"2025/6/30 5:00","2025/7/8 4:59",0,0,0,0,1
1963,44,2000.0,103,40,1,-1,"2025/6/30 5:00","2025/7/8 4:59",0,0,0,0,1
1964,91,2000.0,101,100,1,-1,"2025/6/30 5:00","2025/7/8 4:59",0,0,0,0,1
1965,92,2000.0,102,100,1,-1,"2025/6/30 5:00","2025/7/8 4:59",0,0,0,0,1
1966,93,2000.0,111,100,1,-1,"2025/6/30 5:00","2025/7/8 4:59",0,0,0,0,1
1967,94,2000.0,109,100,1,-1,"2025/6/30 5:00","2025/7/8 4:59",0,0,0,0,1
1968,95,2000.0,112,100,1,-1,"2025/6/30 5:00","2025/7/8 4:59",0,0,0,0,1
1969,100,2000.0,8004,100,1,-1,"2025/6/30 5:00","2025/7/8 4:59",0,0,0,0,1
1970,101,2000.0,8005,100,1,-1,"2025/6/30 5:00","2025/7/8 4:59",0,0,0,0,1
1971,96,2000.0,6004,100,1,-1,"2025/6/30 11:00","2025/7/8 4:59",0,0,0,0,1
1972,97,2000.0,6005,100,1,-1,"2025/6/30 11:00","2025/7/8 4:59",0,0,0,0,1
1973,98,2000.0,7004,100,1,-1,"2025/6/30 11:00","2025/7/7 23:59",0,0,0,0,1
1974,99,2000.0,7005,100,1,-1,"2025/6/30 11:00","2025/7/7 23:59",0,0,0,0,1
1975,81,2000.0,101,80,1,-1,"2025/6/30 5:00","2025/7/22 4:59",0,0,0,0,1
1976,82,2000.0,102,80,1,-1,"2025/6/30 5:00","2025/7/22 4:59",0,0,0,0,1
1977,83,2000.0,111,80,1,-1,"2025/6/30 5:00","2025/7/22 4:59",0,0,0,0,1
1978,84,2000.0,109,80,1,-1,"2025/6/30 5:00","2025/7/22 4:59",0,0,0,0,1
1979,85,2000.0,112,80,1,-1,"2025/6/30 5:00","2025/7/22 4:59",0,0,0,0,1
1980,351,2000.0,8004,80,1,-1,"2025/6/30 5:00","2025/7/22 4:59",0,0,0,0,1
1981,352,2000.0,8005,80,1,-1,"2025/6/30 5:00","2025/7/22 4:59",0,0,0,0,1
1982,251,4000.0,7004,80,1,-1,"2025/6/15 11:00","2025/6/22 23:59",0,0,0,0,1
1983,252,4000.0,7005,80,1,-1,"2025/6/15 11:00","2025/6/22 23:59",0,0,0,0,1
1984,31,4000.0,101,30,1,-1,"2025/7/5 5:00","2025/7/8 4:59",0,0,0,0,1
1985,41,4000.0,101,40,1,-1,"2025/7/5 5:00","2025/7/8 4:59",0,0,0,0,1
1986,32,4000.0,102,30,1,-1,"2025/7/5 5:00","2025/7/15 4:59",0,0,0,0,1
1987,42,4000.0,102,40,1,-1,"2025/7/5 5:00","2025/7/15 4:59",0,0,0,0,1
1988,39,2000.0,111,30,1,-1,"2025/7/5 5:00","2025/7/15 4:59",0,0,0,0,1
1989,49,2000.0,111,40,1,-1,"2025/7/5 5:00","2025/7/15 4:59",0,0,0,0,1
1990,31,6000.0,101,30,1,-1,"2025/7/8 5:00","2025/7/15 4:59",0,0,0,0,1
1991,41,4000.0,101,40,1,-1,"2025/7/8 5:00","2025/7/15 4:59",0,0,0,0,1
1992,37,4000.0,109,30,1,-1,"2025/7/8 5:00","2025/7/15 4:59",0,0,0,0,1
1993,38,4000.0,112,30,1,-1,"2025/7/8 5:00","2025/7/15 4:59",0,0,0,0,1
1994,34,4000.0,103,30,1,-1,"2025/7/8 5:00","2025/7/15 4:59",0,0,0,0,1
1995,44,4000.0,103,40,1,-1,"2025/7/8 5:00","2025/7/15 4:59",0,0,0,0,1
1996,91,3000.0,101,100,1,-1,"2025/7/8 5:00","2025/7/15 4:59",0,0,0,0,1
1997,92,3000.0,102,100,1,-1,"2025/7/8 5:00","2025/7/15 4:59",0,0,0,0,1
1998,93,3000.0,111,100,1,-1,"2025/7/8 5:00","2025/7/15 4:59",0,0,0,0,1
1999,94,3000.0,109,100,1,-1,"2025/7/8 5:00","2025/7/15 4:59",0,0,0,0,1
2000,95,3000.0,112,100,1,-1,"2025/7/8 5:00","2025/7/15 4:59",0,0,0,0,1
2001,100,3000.0,8004,100,1,-1,"2025/7/8 5:00","2025/7/15 4:59",0,0,0,0,1
2002,101,3000.0,8005,100,1,-1,"2025/7/8 5:00","2025/7/15 4:59",0,0,0,0,1
2003,96,3000.0,6004,100,1,-1,"2025/7/8 5:00","2025/7/14 23:59",0,0,0,0,1
2004,97,3000.0,6005,100,1,-1,"2025/7/8 5:00","2025/7/14 23:59",0,0,0,0,1
2005,31,2000.0,101,30,1,-1,"2025/7/15 5:00","2025/7/22 4:59",0,0,0,0,1
2006,41,2000.0,101,40,1,-1,"2025/7/15 5:00","2025/7/22 4:59",0,0,0,0,1
2007,32,2000.0,102,30,1,-1,"2025/7/15 5:00","2025/7/22 4:59",0,0,0,0,1
2008,42,2000.0,102,40,1,-1,"2025/7/15 5:00","2025/7/22 4:59",0,0,0,0,1
2009,39,4000.0,111,30,1,-1,"2025/7/15 5:00","2025/7/22 4:59",0,0,0,0,1
2010,49,4000.0,111,40,1,-1,"2025/7/15 5:00","2025/7/22 4:59",0,0,0,0,1
2011,37,2000.0,109,30,1,-1,"2025/7/15 5:00","2025/8/8 4:59",0,0,0,0,1
2012,38,2000.0,112,30,1,-1,"2025/7/15 5:00","2025/8/8 4:59",0,0,0,0,1
2013,34,2000.0,103,30,1,-1,"2025/7/15 5:00","2025/8/8 4:59",0,0,0,0,1
2014,44,2000.0,103,40,1,-1,"2025/7/15 5:00","2025/8/8 4:59",0,0,0,0,1
2015,91,2000.0,101,100,1,-1,"2025/7/15 5:00","2025/7/22 4:59",0,0,0,0,1
2016,92,2000.0,102,100,1,-1,"2025/7/15 5:00","2025/7/22 4:59",0,0,0,0,1
2017,93,2000.0,111,100,1,-1,"2025/7/15 5:00","2025/7/22 4:59",0,0,0,0,1
2018,94,2000.0,109,100,1,-1,"2025/7/15 5:00","2025/7/22 4:59",0,0,0,0,1
2019,95,2000.0,112,100,1,-1,"2025/7/15 5:00","2025/7/22 4:59",0,0,0,0,1
2020,100,2000.0,8004,100,1,-1,"2025/7/15 5:00","2025/7/22 4:59",0,0,0,0,1
2021,101,2000.0,8005,100,1,-1,"2025/7/15 5:00","2025/7/22 4:59",0,0,0,0,1
2022,96,2000.0,6004,100,1,-1,"2025/7/15 11:00","2025/7/22 4:59",0,0,0,0,1
2023,97,2000.0,6005,100,1,-1,"2025/7/15 11:00","2025/7/22 4:59",0,0,0,0,1
2024,98,2000.0,7004,100,1,-1,"2025/7/15 11:00","2025/7/22 4:59",0,0,0,0,1
2025,99,2000.0,7005,100,1,-1,"2025/7/15 11:00","2025/7/22 4:59",0,0,0,0,1
2026,151,2000.0,6004,80,1,-1,"2025/6/30 11:00","2025/7/14 23:59",0,0,0,0,1
2027,152,2000.0,6005,80,1,-1,"2025/6/30 11:00","2025/7/14 23:59",0,0,0,0,1
2028,131,2000.0,6004,30,1,-1,"2025/6/30 11:00","2025/7/14 23:59",0,0,0,0,1
2029,132,2000.0,6005,30,1,-1,"2025/6/30 11:00","2025/7/14 23:59",0,0,0,0,1
2030,141,2000.0,6004,40,1,-1,"2025/6/30 11:00","2025/7/14 23:59",0,0,0,0,1
2031,142,2000.0,6005,40,1,-1,"2025/6/30 11:00","2025/7/14 23:59",0,0,0,0,1
2032,231,2000.0,7004,30,1,-1,"2025/6/30 11:00","2025/7/7 23:59",0,0,0,0,1
2033,232,2000.0,7005,30,1,-1,"2025/6/30 11:00","2025/7/7 23:59",0,0,0,0,1
2034,241,2000.0,7004,40,1,-1,"2025/6/30 11:00","2025/7/7 23:59",0,0,0,0,1
2035,242,2000.0,7005,40,1,-1,"2025/6/30 11:00","2025/7/7 23:59",0,0,0,0,1
2036,251,2000.0,7004,80,1,-1,"2025/6/30 11:00","2025/7/7 23:59",0,0,0,0,1
2037,252,2000.0,7005,80,1,-1,"2025/6/30 11:00","2025/7/7 23:59",0,0,0,0,1
2038,31,6000.0,101,30,1,-1,"2025/7/22 5:00","2025/7/30 4:59",0,0,0,0,1
2039,41,4000.0,101,40,1,-1,"2025/7/22 5:00","2025/7/30 4:59",0,0,0,0,1
2040,32,4000.0,102,30,1,-1,"2025/7/22 5:00","2025/7/30 4:59",0,0,0,0,1
2041,42,4000.0,102,40,1,-1,"2025/7/22 5:00","2025/7/30 4:59",0,0,0,0,1
2042,39,2000.0,111,30,1,-1,"2025/7/22 5:00","2025/7/30 4:59",0,0,0,0,1
2043,49,2000.0,111,40,1,-1,"2025/7/22 5:00","2025/7/30 4:59",0,0,0,0,1
2044,45,4000.0,104,40,1,-1,"2025/7/22 5:00","2025/7/30 4:59",0,0,0,0,1
2045,91,3000.0,101,100,1,-1,"2025/7/22 5:00","2025/7/30 4:59",0,0,0,0,1
2046,92,3000.0,102,100,1,-1,"2025/7/22 5:00","2025/7/30 4:59",0,0,0,0,1
2047,93,3000.0,111,100,1,-1,"2025/7/22 5:00","2025/7/30 4:59",0,0,0,0,1
2048,94,3000.0,109,100,1,-1,"2025/7/22 5:00","2025/7/30 4:59",0,0,0,0,1
2049,95,3000.0,112,100,1,-1,"2025/7/22 5:00","2025/7/30 4:59",0,0,0,0,1
2050,100,3000.0,8004,100,1,-1,"2025/7/22 5:00","2025/7/30 4:59",0,0,0,0,1
2051,101,3000.0,8005,100,1,-1,"2025/7/22 5:00","2025/7/30 4:59",0,0,0,0,1
2052,96,3000.0,6004,100,1,-1,"2025/7/22 5:00","2025/7/29 23:59",0,0,0,0,1
2053,97,3000.0,6005,100,1,-1,"2025/7/22 5:00","2025/7/29 23:59",0,0,0,0,1
2054,98,3000.0,7004,100,1,-1,"2025/7/22 5:00","2025/7/22 23:59",0,0,0,0,1
2055,99,3000.0,7005,100,1,-1,"2025/7/22 5:00","2025/7/22 23:59",0,0,0,0,1
2056,81,3000.0,101,80,1,-1,"2025/7/22 5:00","2025/7/30 4:59",0,0,0,0,1
2057,82,3000.0,102,80,1,-1,"2025/7/22 5:00","2025/7/30 4:59",0,0,0,0,1
2058,83,3000.0,111,80,1,-1,"2025/7/22 5:00","2025/7/30 4:59",0,0,0,0,1
2059,84,3000.0,109,80,1,-1,"2025/7/22 5:00","2025/7/30 4:59",0,0,0,0,1
2060,85,3000.0,112,80,1,-1,"2025/7/22 5:00","2025/7/30 4:59",0,0,0,0,1
2061,351,3000.0,8004,80,1,-1,"2025/7/22 5:00","2025/7/30 4:59",0,0,0,0,1
2062,352,3000.0,8005,80,1,-1,"2025/7/22 5:00","2025/7/30 4:59",0,0,0,0,1
2063,31,2000.0,101,30,1,-1,"2025/7/30 5:00","2025/8/5 4:59",0,0,0,0,1
2064,41,2000.0,101,40,1,-1,"2025/7/30 5:00","2025/8/5 4:59",0,0,0,0,1
2065,32,2000.0,102,30,1,-1,"2025/7/30 5:00","2025/8/5 4:59",0,0,0,0,1
2066,42,2000.0,102,40,1,-1,"2025/7/30 5:00","2025/8/5 4:59",0,0,0,0,1
2067,39,4000.0,111,30,1,-1,"2025/7/30 5:00","2025/8/5 4:59",0,0,0,0,1
2068,49,4000.0,111,40,1,-1,"2025/7/30 5:00","2025/8/5 4:59",0,0,0,0,1
2069,45,2000.0,104,40,1,-1,"2025/7/30 5:00","2025/8/20 4:59",0,0,0,0,1
2070,91,2000.0,101,100,1,-1,"2025/7/30 5:00","2025/8/8 4:59",0,0,0,0,1
2071,92,2000.0,102,100,1,-1,"2025/7/30 5:00","2025/8/8 4:59",0,0,0,0,1
2072,93,2000.0,111,100,1,-1,"2025/7/30 5:00","2025/8/8 4:59",0,0,0,0,1
2073,94,2000.0,109,100,1,-1,"2025/7/30 5:00","2025/8/8 4:59",0,0,0,0,1
2074,95,2000.0,112,100,1,-1,"2025/7/30 5:00","2025/8/8 4:59",0,0,0,0,1
2075,100,2000.0,8004,100,1,-1,"2025/7/30 5:00","2025/8/8 4:59",0,0,0,0,1
2076,101,2000.0,8005,100,1,-1,"2025/7/30 5:00","2025/8/8 4:59",0,0,0,0,1
2077,96,2000.0,6004,100,1,-1,"2025/7/30 11:00","2025/8/8 4:59",0,0,0,0,1
2078,97,2000.0,6005,100,1,-1,"2025/7/30 11:00","2025/8/8 4:59",0,0,0,0,1
2079,98,2000.0,7004,100,1,-1,"2025/7/30 11:00","2025/8/6 23:59",0,0,0,0,1
2080,99,2000.0,7005,100,1,-1,"2025/7/30 11:00","2025/8/6 23:59",0,0,0,0,1
2081,81,2000.0,101,80,1,-1,"2025/7/30 5:00","2025/8/20 4:59",0,0,0,0,1
2082,82,2000.0,102,80,1,-1,"2025/7/30 5:00","2025/8/20 4:59",0,0,0,0,1
2083,83,2000.0,111,80,1,-1,"2025/7/30 5:00","2025/8/20 4:59",0,0,0,0,1
2084,84,2000.0,109,80,1,-1,"2025/7/30 5:00","2025/8/20 4:59",0,0,0,0,1
2085,85,2000.0,112,80,1,-1,"2025/7/30 5:00","2025/8/20 4:59",0,0,0,0,1
2086,351,2000.0,8004,80,1,-1,"2025/7/30 5:00","2025/8/20 4:59",0,0,0,0,1
2087,352,2000.0,8005,80,1,-1,"2025/7/30 5:00","2025/8/20 4:59",0,0,0,0,1
2088,151,2000.0,6004,80,1,-1,"2025/7/15 11:00","2025/7/22 4:59",0,0,0,0,1
2089,152,2000.0,6005,80,1,-1,"2025/7/15 11:00","2025/7/22 4:59",0,0,0,0,1
2090,131,2000.0,6004,30,1,-1,"2025/7/15 11:00","2025/7/29 23:59",0,0,0,0,1
2091,132,2000.0,6005,30,1,-1,"2025/7/15 11:00","2025/7/29 23:59",0,0,0,0,1
2092,141,2000.0,6004,40,1,-1,"2025/7/15 11:00","2025/7/29 23:59",0,0,0,0,1
2093,142,2000.0,6005,40,1,-1,"2025/7/15 11:00","2025/7/29 23:59",0,0,0,0,1
2094,151,3000.0,6004,80,1,-1,"2025/7/22 5:00","2025/7/29 23:59",0,0,0,0,1
2095,152,3000.0,6005,80,1,-1,"2025/7/22 5:00","2025/7/29 23:59",0,0,0,0,1
2096,231,2000.0,7004,30,1,-1,"2025/7/15 11:00","2025/7/22 23:59",0,0,0,0,1
2097,232,2000.0,7005,30,1,-1,"2025/7/15 11:00","2025/7/22 23:59",0,0,0,0,1
2098,241,2000.0,7004,40,1,-1,"2025/7/15 11:00","2025/7/22 23:59",0,0,0,0,1
2099,242,2000.0,7005,40,1,-1,"2025/7/15 11:00","2025/7/22 23:59",0,0,0,0,1
2100,251,2000.0,7004,80,1,-1,"2025/7/15 11:00","2025/7/22 4:59",0,0,0,0,1
2101,252,2000.0,7005,80,1,-1,"2025/7/15 11:00","2025/7/22 4:59",0,0,0,0,1
2102,251,3000.0,7004,80,1,-1,"2025/7/22 5:00","2025/7/22 23:59",0,0,0,0,1
2103,252,3000.0,7005,80,1,-1,"2025/7/22 5:00","2025/7/22 23:59",0,0,0,0,1
2104,541,2000.0,122,120,1,-1,"2025/7/21 5:00","2025/7/22 4:59",0,0,0,0,1
2105,541,4000.0,122,120,1,-1,"2025/7/22 5:00","2025/7/26 4:59",0,0,0,0,1
2106,31,4000.0,101,30,1,-1,"2025/8/5 5:00","2025/8/8 4:59",0,0,0,0,1
2107,41,4000.0,101,40,1,-1,"2025/8/5 5:00","2025/8/8 4:59",0,0,0,0,1
2108,32,4000.0,102,30,1,-1,"2025/8/5 5:00","2025/8/14 4:59",0,0,0,0,1
2109,42,4000.0,102,40,1,-1,"2025/8/5 5:00","2025/8/14 4:59",0,0,0,0,1
2110,39,2000.0,111,30,1,-1,"2025/8/5 5:00","2025/8/14 4:59",0,0,0,0,1
2111,49,2000.0,111,40,1,-1,"2025/8/5 5:00","2025/8/14 4:59",0,0,0,0,1
2112,31,6000.0,101,30,1,-1,"2025/8/8 5:00","2025/8/14 4:59",0,0,0,0,1
2113,41,4000.0,101,40,1,-1,"2025/8/8 5:00","2025/8/14 4:59",0,0,0,0,1
2114,37,4000.0,109,30,1,-1,"2025/8/8 5:00","2025/8/14 4:59",0,0,0,0,1
2115,38,4000.0,112,30,1,-1,"2025/8/8 5:00","2025/8/14 4:59",0,0,0,0,1
2116,34,4000.0,103,30,1,-1,"2025/8/8 5:00","2025/8/14 4:59",0,0,0,0,1
2117,44,4000.0,103,40,1,-1,"2025/8/8 5:00","2025/8/14 4:59",0,0,0,0,1
2118,91,3000.0,101,100,1,-1,"2025/8/8 5:00","2025/8/14 4:59",0,0,0,0,1
2119,92,3000.0,102,100,1,-1,"2025/8/8 5:00","2025/8/14 4:59",0,0,0,0,1
2120,93,3000.0,111,100,1,-1,"2025/8/8 5:00","2025/8/14 4:59",0,0,0,0,1
2121,94,3000.0,109,100,1,-1,"2025/8/8 5:00","2025/8/14 4:59",0,0,0,0,1
2122,95,3000.0,112,100,1,-1,"2025/8/8 5:00","2025/8/14 4:59",0,0,0,0,1
2123,100,3000.0,8004,100,1,-1,"2025/8/8 5:00","2025/8/14 4:59",0,0,0,0,1
2124,101,3000.0,8005,100,1,-1,"2025/8/8 5:00","2025/8/14 4:59",0,0,0,0,1
2125,96,3000.0,6004,100,1,-1,"2025/8/8 5:00","2025/8/13 23:59",0,0,0,0,1
2126,97,3000.0,6005,100,1,-1,"2025/8/8 5:00","2025/8/13 23:59",0,0,0,0,1
2127,31,2000.0,101,30,1,-1,"2025/8/14 5:00","2025/8/20 4:59",0,0,0,0,1
2128,41,2000.0,101,40,1,-1,"2025/8/14 5:00","2025/8/20 4:59",0,0,0,0,1
2129,32,2000.0,102,30,1,-1,"2025/8/14 5:00","2025/8/20 4:59",0,0,0,0,1
2130,42,2000.0,102,40,1,-1,"2025/8/14 5:00","2025/8/20 4:59",0,0,0,0,1
2131,39,4000.0,111,30,1,-1,"2025/8/14 5:00","2025/8/20 4:59",0,0,0,0,1
2132,49,4000.0,111,40,1,-1,"2025/8/14 5:00","2025/8/20 4:59",0,0,0,0,1
2133,37,2000.0,109,30,1,-1,"2025/8/14 5:00","2025/8/20 4:59",0,0,0,0,1
2134,38,2000.0,112,30,1,-1,"2025/8/14 5:00","2025/8/20 4:59",0,0,0,0,1
2135,34,2000.0,103,30,1,-1,"2025/8/14 5:00","2025/8/20 4:59",0,0,0,0,1
2136,44,2000.0,103,40,1,-1,"2025/8/14 5:00","2025/8/20 4:59",0,0,0,0,1
2137,91,2000.0,101,100,1,-1,"2025/8/14 5:00","2025/8/20 4:59",0,0,0,0,1
2138,92,2000.0,102,100,1,-1,"2025/8/14 5:00","2025/8/20 4:59",0,0,0,0,1
2139,93,2000.0,111,100,1,-1,"2025/8/14 5:00","2025/8/20 4:59",0,0,0,0,1
2140,94,2000.0,109,100,1,-1,"2025/8/14 5:00","2025/8/20 4:59",0,0,0,0,1
2141,95,2000.0,112,100,1,-1,"2025/8/14 5:00","2025/8/20 4:59",0,0,0,0,1
2142,100,2000.0,8004,100,1,-1,"2025/8/14 5:00","2025/8/20 4:59",0,0,0,0,1
2143,101,2000.0,8005,100,1,-1,"2025/8/14 5:00","2025/8/20 4:59",0,0,0,0,1
2144,96,2000.0,6004,100,1,-1,"2025/8/14 11:00","2025/8/20 4:59",0,0,0,0,1
2145,97,2000.0,6005,100,1,-1,"2025/8/14 11:00","2025/8/20 4:59",0,0,0,0,1
2146,98,2000.0,7004,100,1,-1,"2025/8/14 11:00","2025/8/20 4:59",0,0,0,0,1
2147,99,2000.0,7005,100,1,-1,"2025/8/14 11:00","2025/8/20 4:59",0,0,0,0,1
2148,151,2000.0,6004,80,1,-1,"2025/7/30 11:00","2025/8/13 23:59",0,0,0,0,1
2149,152,2000.0,6005,80,1,-1,"2025/7/30 11:00","2025/8/13 23:59",0,0,0,0,1
2150,131,2000.0,6004,30,1,-1,"2025/7/30 11:00","2025/8/13 23:59",0,0,0,0,1
2151,132,2000.0,6005,30,1,-1,"2025/7/30 11:00","2025/8/13 23:59",0,0,0,0,1
2152,141,2000.0,6004,40,1,-1,"2025/7/30 11:00","2025/8/13 23:59",0,0,0,0,1
2153,142,2000.0,6005,40,1,-1,"2025/7/30 11:00","2025/8/13 23:59",0,0,0,0,1
2154,231,2000.0,7004,30,1,-1,"2025/7/30 11:00","2025/8/6 23:59",0,0,0,0,1
2155,232,2000.0,7005,30,1,-1,"2025/7/30 11:00","2025/8/6 23:59",0,0,0,0,1
2156,241,2000.0,7004,40,1,-1,"2025/7/30 11:00","2025/8/6 23:59",0,0,0,0,1
2157,242,2000.0,7005,40,1,-1,"2025/7/30 11:00","2025/8/6 23:59",0,0,0,0,1
2158,251,2000.0,7004,80,1,-1,"2025/7/30 11:00","2025/8/6 23:59",0,0,0,0,1
2159,252,2000.0,7005,80,1,-1,"2025/7/30 11:00","2025/8/6 23:59",0,0,0,0,1
5001,81,3000.0,101,82,50,100,"2024/12/17 5:00","2025/3/31 8:59",0,0,0,0,3
5002,81,5000.0,101,82,101,200,"2024/12/17 5:00","2025/3/31 8:59",0,0,0,0,3
5003,82,3000.0,102,82,50,100,"2024/12/17 5:00","2025/3/31 8:59",0,0,0,0,3
5004,82,5000.0,102,82,101,200,"2024/12/17 5:00","2025/3/31 8:59",0,0,0,0,3
5005,83,3000.0,111,82,50,100,"2024/12/17 5:00","2025/3/31 8:59",0,0,0,0,3
5006,83,5000.0,111,82,101,200,"2024/12/17 5:00","2025/3/31 8:59",0,0,0,0,3
5007,31,3000.0,101,32,1,200,"2024/12/17 5:00","2025/2/15 4:59",0,0,0,0,3
5008,41,3000.0,101,42,1,200,"2024/12/17 5:00","2025/3/31 8:59",0,0,0,0,3
5009,32,3000.0,102,32,1,200,"2024/12/17 5:00","2025/2/20 4:59",0,0,0,0,3
5010,42,3000.0,102,42,1,200,"2024/12/17 5:00","2025/2/20 4:59",0,0,0,0,3
5011,39,3000.0,111,32,1,200,"2024/12/17 5:00","2025/2/20 4:59",0,0,0,0,3
5012,49,3000.0,111,42,1,200,"2024/12/17 5:00","2025/2/20 4:59",0,0,0,0,3
5013,31,5000.0,101,32,1,200,"2025/2/15 5:00","2025/2/22 4:59",0,0,0,0,3
5014,31,3000.0,101,32,1,200,"2025/2/22 5:00","2025/3/31 8:59",0,0,0,0,3
5015,32,5000.0,102,32,1,200,"2025/2/20 5:00","2025/3/1 4:59",0,0,0,0,3
5016,42,5000.0,102,42,1,200,"2025/2/20 5:00","2025/3/1 4:59",0,0,0,0,3
5017,32,3000.0,102,32,1,200,"2025/3/1 5:00","2025/3/31 8:59",0,0,0,0,3
5018,42,3000.0,102,42,1,200,"2025/3/1 5:00","2025/3/31 8:59",0,0,0,0,3
5019,39,5000.0,111,32,1,200,"2025/2/20 5:00","2025/3/1 4:59",0,0,0,0,3
5020,49,5000.0,111,42,1,200,"2025/2/20 5:00","2025/3/1 4:59",0,0,0,0,3
5021,39,3000.0,111,32,1,200,"2025/3/1 5:00","2025/3/31 8:59",0,0,0,0,3
5022,49,3000.0,111,42,1,200,"2025/3/1 5:00","2025/3/31 8:59",0,0,0,0,3
5023,81,4000.0,101,82,50,100,"2025/3/31 9:00","2025/4/8 10:59",0,0,0,0,3
5024,81,6000.0,101,82,101,261,"2025/3/31 9:00","2025/4/8 10:59",0,0,0,0,3
5025,82,4000.0,102,82,50,100,"2025/3/31 9:00","2025/4/8 10:59",0,0,0,0,3
5026,82,6000.0,102,82,101,261,"2025/3/31 9:00","2025/4/8 10:59",0,0,0,0,3
5027,83,4000.0,111,82,50,100,"2025/3/31 9:00","2025/4/8 10:59",0,0,0,0,3
5028,83,6000.0,111,82,101,261,"2025/3/31 9:00","2025/4/8 10:59",0,0,0,0,3
5029,81,4000.0,101,82,50,100,"2025/4/8 11:00","2025/4/23 10:59",0,0,0,0,3
5030,81,6000.0,101,82,101,264,"2025/4/8 11:00","2025/4/23 10:59",0,0,0,0,3
5031,82,4000.0,102,82,50,100,"2025/4/8 11:00","2025/4/23 10:59",0,0,0,0,3
5032,82,6000.0,102,82,101,264,"2025/4/8 11:00","2025/4/23 10:59",0,0,0,0,3
5033,83,4000.0,111,82,50,100,"2025/4/8 11:00","2025/4/23 10:59",0,0,0,0,3
5034,83,6000.0,111,82,101,264,"2025/4/8 11:00","2025/4/23 10:59",0,0,0,0,3
5035,81,4000.0,101,82,50,100,"2025/4/23 11:00","2025/4/30 10:59",0,0,0,0,3
5036,81,6000.0,101,82,101,267,"2025/4/23 11:00","2025/4/30 10:59",0,0,0,0,3
5037,82,4000.0,102,82,50,100,"2025/4/23 11:00","2025/4/30 10:59",0,0,0,0,3
5038,82,6000.0,102,82,101,267,"2025/4/23 11:00","2025/4/30 10:59",0,0,0,0,3
5039,83,4000.0,111,82,50,100,"2025/4/23 11:00","2025/4/30 10:59",0,0,0,0,3
5040,83,6000.0,111,82,101,267,"2025/4/23 11:00","2025/4/30 10:59",0,0,0,0,3
5041,41,4000.0,101,42,1,250,"2025/3/31 9:00","2025/4/8 4:59",0,0,0,0,3
5042,31,4000.0,101,32,1,250,"2025/3/31 9:00","2025/4/8 4:59",0,0,0,0,3
5043,41,4000.0,101,42,1,250,"2025/4/8 5:00","2025/4/15 4:59",0,0,0,0,3
5044,31,6000.0,101,32,1,250,"2025/4/8 5:00","2025/4/15 4:59",0,0,0,0,3
5045,41,4000.0,101,42,1,250,"2025/4/15 5:00","2025/4/23 4:59",0,0,0,0,3
5046,31,8000.0,101,32,1,250,"2025/4/15 5:00","2025/4/23 4:59",0,0,0,0,3
5047,41,4000.0,101,42,1,250,"2025/4/23 5:00","2025/4/30 4:59",0,0,0,0,3
5048,31,6000.0,101,32,1,250,"2025/4/23 5:00","2025/4/30 4:59",0,0,0,0,3
5049,32,3000.0,102,32,1,250,"2025/3/31 9:00","2025/4/1 4:59",0,0,0,0,3
5050,42,3000.0,102,42,1,250,"2025/3/31 9:00","2025/4/1 4:59",0,0,0,0,3
5051,32,4000.0,102,32,1,250,"2025/4/1 5:00","2025/4/15 4:59",0,0,0,0,3
5052,42,4000.0,102,42,1,250,"2025/4/1 5:00","2025/4/15 4:59",0,0,0,0,3
5053,32,8000.0,102,32,1,250,"2025/4/15 5:00","2025/4/23 4:59",0,0,0,0,3
5054,42,8000.0,102,42,1,250,"2025/4/15 5:00","2025/4/23 4:59",0,0,0,0,3
5055,32,4000.0,102,32,1,250,"2025/4/23 5:00","2025/4/30 4:59",0,0,0,0,3
5056,42,4000.0,102,42,1,250,"2025/4/23 5:00","2025/4/30 4:59",0,0,0,0,3
5057,39,3000.0,111,32,1,250,"2025/3/31 9:00","2025/4/15 4:59",0,0,0,0,3
5058,49,3000.0,111,42,1,250,"2025/3/31 9:00","2025/4/15 4:59",0,0,0,0,3
5059,39,8000.0,111,32,1,250,"2025/4/15 5:00","2025/4/23 4:59",0,0,0,0,3
5060,49,8000.0,111,42,1,250,"2025/4/15 5:00","2025/4/23 4:59",0,0,0,0,3
5061,39,3000.0,111,32,1,250,"2025/4/23 5:00","2025/4/30 4:59",0,0,0,0,3
5062,49,3000.0,111,42,1,250,"2025/4/23 5:00","2025/4/30 4:59",0,0,0,0,3
5063,81,4000.0,101,82,50,100,"2025/4/30 11:00","2025/5/15 10:59",0,0,0,0,3
5064,81,6000.0,101,82,101,270,"2025/4/30 11:00","2025/5/15 10:59",0,0,0,0,3
5065,82,4000.0,102,82,50,100,"2025/4/30 11:00","2025/5/15 10:59",0,0,0,0,3
5066,82,6000.0,102,82,101,270,"2025/4/30 11:00","2025/5/15 10:59",0,0,0,0,3
5067,83,4000.0,111,82,50,100,"2025/4/30 11:00","2025/5/15 10:59",0,0,0,0,3
5068,83,6000.0,111,82,101,270,"2025/4/30 11:00","2025/5/15 10:59",0,0,0,0,3
5069,41,3000.0,101,42,1,250,"2025/4/30 5:00","2025/5/5 4:59",0,0,0,0,3
5070,31,3000.0,101,32,1,250,"2025/4/30 5:00","2025/5/5 4:59",0,0,0,0,3
5071,41,4000.0,101,42,1,250,"2025/5/5 5:00","2025/5/8 4:59",0,0,0,0,3
5072,31,4000.0,101,32,1,250,"2025/5/5 5:00","2025/5/8 4:59",0,0,0,0,3
5073,41,4000.0,101,42,1,250,"2025/5/8 5:00","2025/5/15 4:59",0,0,0,0,3
5074,31,6000.0,101,32,1,250,"2025/5/8 5:00","2025/5/15 4:59",0,0,0,0,3
5075,41,3000.0,101,42,1,250,"2025/5/15 5:00","2025/5/23 4:59",0,0,0,0,3
5076,31,3000.0,101,32,1,250,"2025/5/15 5:00","2025/5/23 4:59",0,0,0,0,3
5077,32,3000.0,102,32,1,250,"2025/4/30 5:00","2025/5/5 4:59",0,0,0,0,3
5078,42,3000.0,102,42,1,250,"2025/4/30 5:00","2025/5/5 4:59",0,0,0,0,3
5079,32,4000.0,102,32,1,250,"2025/5/5 5:00","2025/5/15 4:59",0,0,0,0,3
5080,42,4000.0,102,42,1,250,"2025/5/5 5:00","2025/5/15 4:59",0,0,0,0,3
5081,32,3000.0,102,32,1,250,"2025/5/15 5:00","2025/5/23 4:59",0,0,0,0,3
5082,42,3000.0,102,42,1,250,"2025/5/15 5:00","2025/5/23 4:59",0,0,0,0,3
5083,39,4000.0,111,32,1,250,"2025/4/30 5:00","2025/5/5 4:59",0,0,0,0,3
5084,49,4000.0,111,42,1,250,"2025/4/30 5:00","2025/5/5 4:59",0,0,0,0,3
5085,39,3000.0,111,32,1,250,"2025/5/5 5:00","2025/5/15 4:59",0,0,0,0,3
5086,49,3000.0,111,42,1,250,"2025/5/5 5:00","2025/5/15 4:59",0,0,0,0,3
5087,39,4000.0,111,32,1,250,"2025/5/15 5:00","2025/5/23 4:59",0,0,0,0,3
5088,49,4000.0,111,42,1,250,"2025/5/15 5:00","2025/5/23 4:59",0,0,0,0,3
5089,81,4000.0,101,82,50,100,"2025/5/15 11:00","2025/6/14 10:59",0,0,0,0,3
5090,81,6000.0,101,82,101,273,"2025/5/15 11:00","2025/6/14 10:59",0,0,0,0,3
5091,82,4000.0,102,82,50,100,"2025/5/15 11:00","2025/6/14 10:59",0,0,0,0,3
5092,82,6000.0,102,82,101,273,"2025/5/15 11:00","2025/6/14 10:59",0,0,0,0,3
5093,83,4000.0,111,82,50,100,"2025/5/15 11:00","2025/6/14 10:59",0,0,0,0,3
5094,83,6000.0,111,82,101,273,"2025/5/15 11:00","2025/6/14 10:59",0,0,0,0,3
5095,41,4000.0,101,42,1,250,"2025/5/23 5:00","2025/5/30 4:59",0,0,0,0,3
5096,31,6000.0,101,32,1,250,"2025/5/23 5:00","2025/5/30 4:59",0,0,0,0,3
5097,41,3000.0,101,42,1,250,"2025/5/30 5:00","2025/6/5 4:59",0,0,0,0,3
5098,31,3000.0,101,32,1,250,"2025/5/30 5:00","2025/6/5 4:59",0,0,0,0,3
5099,31,4000.0,101,32,1,250,"2025/6/5 5:00","2025/6/14 4:59",0,0,0,0,3
5100,41,4000.0,101,42,1,250,"2025/6/5 5:00","2025/6/14 4:59",0,0,0,0,3
5101,32,4000.0,102,32,1,250,"2025/5/23 5:00","2025/5/30 4:59",0,0,0,0,3
5102,42,4000.0,102,42,1,250,"2025/5/23 5:00","2025/5/30 4:59",0,0,0,0,3
5103,32,3000.0,102,32,1,250,"2025/5/30 5:00","2025/6/5 4:59",0,0,0,0,3
5104,42,3000.0,102,42,1,250,"2025/5/30 5:00","2025/6/5 4:59",0,0,0,0,3
5105,32,4000.0,102,32,1,250,"2025/6/5 5:00","2025/6/14 4:59",0,0,0,0,3
5106,42,4000.0,102,42,1,250,"2025/6/5 5:00","2025/6/14 4:59",0,0,0,0,3
5107,39,3000.0,111,32,1,250,"2025/5/23 5:00","2025/5/30 4:59",0,0,0,0,3
5108,49,3000.0,111,42,1,250,"2025/5/23 5:00","2025/5/30 4:59",0,0,0,0,3
5109,39,4000.0,111,32,1,250,"2025/5/30 5:00","2025/6/5 4:59",0,0,0,0,3
5110,49,4000.0,111,42,1,250,"2025/5/30 5:00","2025/6/5 4:59",0,0,0,0,3
5111,41,4000.0,101,42,1,250,"2025/6/14 5:00","2025/6/30 4:59",0,0,0,0,3
5112,31,8000.0,101,32,1,250,"2025/6/14 5:00","2025/6/30 4:59",0,0,0,0,3
5113,32,8000.0,102,32,1,250,"2025/6/14 5:00","2025/6/30 4:59",0,0,0,0,3
5114,42,8000.0,102,42,1,250,"2025/6/14 5:00","2025/6/30 4:59",0,0,0,0,3
5115,39,3000.0,111,32,1,250,"2025/6/5 5:00","2025/6/14 4:59",0,0,0,0,3
5116,49,3000.0,111,42,1,250,"2025/6/5 5:00","2025/6/14 4:59",0,0,0,0,3
5117,39,8000.0,111,32,1,250,"2025/6/14 5:00","2025/6/30 4:59",0,0,0,0,3
5118,49,8000.0,111,42,1,250,"2025/6/14 5:00","2025/6/30 4:59",0,0,0,0,3
5119,81,4000.0,101,82,50,100,"2025/6/14 11:00","2025/6/30 10:59",0,0,0,0,3
5120,81,6000.0,101,82,101,276,"2025/6/14 11:00","2025/6/30 10:59",0,0,0,0,3
5121,82,4000.0,102,82,50,100,"2025/6/14 11:00","2025/6/30 10:59",0,0,0,0,3
5122,82,6000.0,102,82,101,276,"2025/6/14 11:00","2025/6/30 10:59",0,0,0,0,3
5123,83,4000.0,111,82,50,100,"2025/6/14 11:00","2025/6/30 10:59",0,0,0,0,3
5124,83,6000.0,111,82,101,276,"2025/6/14 11:00","2025/6/30 10:59",0,0,0,0,3
5125,41,3000.0,101,42,1,250,"2025/6/30 5:00","2025/7/5 4:59",0,0,0,0,3
5126,31,3000.0,101,32,1,250,"2025/6/30 5:00","2025/7/5 4:59",0,0,0,0,3
5127,32,3000.0,102,32,1,250,"2025/6/30 5:00","2025/7/5 4:59",0,0,0,0,3
5128,42,3000.0,102,42,1,250,"2025/6/30 5:00","2025/7/5 4:59",0,0,0,0,3
5129,39,4000.0,111,32,1,250,"2025/6/30 5:00","2025/7/5 4:59",0,0,0,0,3
5130,49,4000.0,111,42,1,250,"2025/6/30 5:00","2025/7/5 4:59",0,0,0,0,3
5131,81,4000.0,101,82,50,100,"2025/6/30 11:00","2025/7/15 10:59",0,0,0,0,3
5132,81,6000.0,101,82,101,279,"2025/6/30 11:00","2025/7/15 10:59",0,0,0,0,3
5133,82,4000.0,102,82,50,100,"2025/6/30 11:00","2025/7/15 10:59",0,0,0,0,3
5134,82,6000.0,102,82,101,279,"2025/6/30 11:00","2025/7/15 10:59",0,0,0,0,3
5135,83,4000.0,111,82,50,100,"2025/6/30 11:00","2025/7/15 10:59",0,0,0,0,3
5136,83,6000.0,111,82,101,279,"2025/6/30 11:00","2025/7/15 10:59",0,0,0,0,3
5137,31,4000.0,101,32,1,250,"2025/7/5 5:00","2025/7/8 4:59",0,0,0,0,3
5138,41,4000.0,101,42,1,250,"2025/7/5 5:00","2025/7/8 4:59",0,0,0,0,3
5139,41,4000.0,101,42,1,250,"2025/7/8 5:00","2025/7/15 4:59",0,0,0,0,3
5140,31,6000.0,101,32,1,250,"2025/7/8 5:00","2025/7/15 4:59",0,0,0,0,3
5141,41,3000.0,101,42,1,250,"2025/7/15 5:00","2025/7/22 4:59",0,0,0,0,3
5142,31,3000.0,101,32,1,250,"2025/7/15 5:00","2025/7/22 4:59",0,0,0,0,3
5143,32,4000.0,102,32,1,250,"2025/7/5 5:00","2025/7/15 4:59",0,0,0,0,3
5144,42,4000.0,102,42,1,250,"2025/7/5 5:00","2025/7/15 4:59",0,0,0,0,3
5145,32,3000.0,102,32,1,250,"2025/7/15 5:00","2025/7/22 4:59",0,0,0,0,3
5146,42,3000.0,102,42,1,250,"2025/7/15 5:00","2025/7/22 4:59",0,0,0,0,3
5147,39,3000.0,111,32,1,250,"2025/7/5 5:00","2025/7/15 4:59",0,0,0,0,3
5148,49,3000.0,111,42,1,250,"2025/7/5 5:00","2025/7/15 4:59",0,0,0,0,3
5149,39,4000.0,111,32,1,250,"2025/7/15 5:00","2025/7/22 4:59",0,0,0,0,3
5150,49,4000.0,111,42,1,250,"2025/7/15 5:00","2025/7/22 4:59",0,0,0,0,3
5151,81,4000.0,101,82,50,100,"2025/7/15 11:00","2025/7/30 10:59",0,0,0,0,3
5152,81,6000.0,101,82,101,282,"2025/7/15 11:00","2025/7/30 10:59",0,0,0,0,3
5153,82,4000.0,102,82,50,100,"2025/7/15 11:00","2025/7/30 10:59",0,0,0,0,3
5154,82,6000.0,102,82,101,282,"2025/7/15 11:00","2025/7/30 10:59",0,0,0,0,3
5155,83,4000.0,111,82,50,100,"2025/7/15 11:00","2025/7/30 10:59",0,0,0,0,3
5156,83,6000.0,111,82,101,282,"2025/7/15 11:00","2025/7/30 10:59",0,0,0,0,3
5157,41,4000.0,101,42,1,250,"2025/7/22 5:00","2025/7/30 4:59",0,0,0,0,3
5158,31,6000.0,101,32,1,250,"2025/7/22 5:00","2025/7/30 4:59",0,0,0,0,3
5159,41,3000.0,101,42,1,250,"2025/7/30 5:00","2025/8/5 4:59",0,0,0,0,3
5160,31,3000.0,101,32,1,250,"2025/7/30 5:00","2025/8/5 4:59",0,0,0,0,3
5161,32,4000.0,102,32,1,250,"2025/7/22 5:00","2025/7/30 4:59",0,0,0,0,3
5162,42,4000.0,102,42,1,250,"2025/7/22 5:00","2025/7/30 4:59",0,0,0,0,3
5163,32,3000.0,102,32,1,250,"2025/7/30 5:00","2025/8/5 4:59",0,0,0,0,3
5164,42,3000.0,102,42,1,250,"2025/7/30 5:00","2025/8/5 4:59",0,0,0,0,3
5165,39,3000.0,111,32,1,250,"2025/7/22 5:00","2025/7/30 4:59",0,0,0,0,3
5166,49,3000.0,111,42,1,250,"2025/7/22 5:00","2025/7/30 4:59",0,0,0,0,3
5167,39,4000.0,111,32,1,250,"2025/7/30 5:00","2025/8/5 4:59",0,0,0,0,3
5168,49,4000.0,111,42,1,250,"2025/7/30 5:00","2025/8/5 4:59",0,0,0,0,3
5169,81,4000.0,101,82,50,100,"2025/7/30 11:00","2025/8/14 10:59",0,0,0,0,3
5170,81,6000.0,101,82,101,285,"2025/7/30 11:00","2025/8/14 10:59",0,0,0,0,3
5171,82,4000.0,102,82,50,100,"2025/7/30 11:00","2025/8/14 10:59",0,0,0,0,3
5172,82,6000.0,102,82,101,285,"2025/7/30 11:00","2025/8/14 10:59",0,0,0,0,3
5173,83,4000.0,111,82,50,100,"2025/7/30 11:00","2025/8/14 10:59",0,0,0,0,3
5174,83,6000.0,111,82,101,285,"2025/7/30 11:00","2025/8/14 10:59",0,0,0,0,3
5175,31,4000.0,101,32,1,250,"2025/8/5 5:00","2025/8/8 4:59",0,0,0,0,3
5176,41,4000.0,101,42,1,250,"2025/8/5 5:00","2025/8/8 4:59",0,0,0,0,3
5177,41,4000.0,101,42,1,250,"2025/8/8 5:00","2025/8/14 4:59",0,0,0,0,3
5178,31,6000.0,101,32,1,250,"2025/8/8 5:00","2025/8/14 4:59",0,0,0,0,3
5179,41,3000.0,101,42,1,250,"2025/8/14 5:00","2025/8/20 4:59",0,0,0,0,3
5180,31,3000.0,101,32,1,250,"2025/8/14 5:00","2025/8/20 4:59",0,0,0,0,3
5181,32,4000.0,102,32,1,250,"2025/8/5 5:00","2025/8/14 4:59",0,0,0,0,3
5182,42,4000.0,102,42,1,250,"2025/8/5 5:00","2025/8/14 4:59",0,0,0,0,3
5183,32,3000.0,102,32,1,250,"2025/8/14 5:00","2025/8/20 4:59",0,0,0,0,3
5184,42,3000.0,102,42,1,250,"2025/8/14 5:00","2025/8/20 4:59",0,0,0,0,3
5185,39,3000.0,111,32,1,250,"2025/8/5 5:00","2025/8/14 4:59",0,0,0,0,3
5186,49,3000.0,111,42,1,250,"2025/8/5 5:00","2025/8/14 4:59",0,0,0,0,3
5187,39,4000.0,111,32,1,250,"2025/8/14 5:00","2025/8/20 4:59",0,0,0,0,3
5188,49,4000.0,111,42,1,250,"2025/8/14 5:00","2025/8/20 4:59",0,0,0,0,3
5189,81,2000.0,101,82,50,100,"2025/8/14 11:00","2025/8/20 4:59",0,0,0,0,3
5190,81,4000.0,101,82,50,100,"2025/8/20 5:00","2025/8/29 10:59",0,0,0,0,3
5191,82,2000.0,102,82,50,100,"2025/8/14 11:00","2025/8/20 4:59",0,0,0,0,3
5192,82,4000.0,102,82,50,100,"2025/8/20 5:00","2025/8/29 10:59",0,0,0,0,3
5193,83,2000.0,111,82,50,100,"2025/8/14 11:00","2025/8/20 4:59",0,0,0,0,3
5194,83,4000.0,111,82,50,100,"2025/8/20 5:00","2025/8/29 10:59",0,0,0,0,3
5195,81,2000.0,101,82,101,288,"2025/8/14 11:00","2025/8/20 4:59",0,0,0,0,3
5196,81,6000.0,101,82,101,288,"2025/8/20 5:00","2025/8/29 10:59",0,0,0,0,3
5197,82,2000.0,102,82,101,288,"2025/8/14 11:00","2025/8/20 4:59",0,0,0,0,3
5198,82,6000.0,102,82,101,288,"2025/8/20 5:00","2025/8/29 10:59",0,0,0,0,3
5199,83,2000.0,111,82,101,288,"2025/8/14 11:00","2025/8/20 4:59",0,0,0,0,3
5200,83,6000.0,111,82,101,288,"2025/8/20 5:00","2025/8/29 10:59",0,0,0,0,3
5201,31,2000.0,101,32,1,250,"2025/8/14 11:00","2025/8/20 4:59",0,0,0,0,3
5203,32,2000.0,102,32,1,250,"2025/8/14 11:00","2025/8/20 4:59",0,0,0,0,3
5205,39,4000.0,111,32,1,250,"2025/8/14 11:00","2025/8/20 4:59",0,0,0,0,3
5208,42,2000.0,102,42,1,250,"2025/8/14 11:00","2025/8/20 4:59",0,0,0,0,3
5210,49,4000.0,111,42,1,250,"2025/8/14 11:00","2025/8/20 4:59",0,0,0,0,3
5212,31,6000.0,101,32,1,250,"2025/8/20 5:00","2025/8/29 10:59",0,0,0,0,1
5213,31,6000.0,101,30,1,-1,"2025/8/20 5:00","2025/8/31 4:59",0,0,0,0,1
5214,41,3000.0,101,42,1,250,"2025/8/14 11:00","2025/8/20 4:59",0,0,0,0,1
5215,41,4000.0,101,42,1,250,"2025/8/20 5:00","2025/8/29 10:59",0,0,0,0,1
5216,41,4000.0,101,40,1,-1,"2025/8/20 5:00","2025/8/31 4:59",0,0,0,0,1
5217,32,6000.0,102,32,1,250,"2025/8/20 5:00","2025/8/29 10:59",0,0,0,0,1
5218,32,6000.0,102,30,1,-1,"2025/8/20 5:00","2025/8/31 4:59",0,0,0,0,1
5219,42,6000.0,102,42,1,250,"2025/8/20 5:00","2025/8/29 10:59",0,0,0,0,1
5220,42,6000.0,102,40,1,-1,"2025/8/20 5:00","2025/8/31 4:59",0,0,0,0,1
5221,39,6000.0,111,32,1,250,"2025/8/20 5:00","2025/8/29 10:59",0,0,0,0,1
5222,39,6000.0,111,30,1,-1,"2025/8/20 5:00","2025/9/3 4:59",0,0,0,0,1
5223,49,6000.0,111,42,1,250,"2025/8/20 5:00","2025/8/29 10:59",0,0,0,0,1
5224,49,6000.0,111,40,1,-1,"2025/8/20 5:00","2025/9/3 4:59",0,0,0,0,1
5225,37,6000.0,109,30,1,-1,"2025/8/20 5:00","2025/8/31 4:59",0,0,0,0,1
5226,38,6000.0,112,30,1,-1,"2025/8/20 5:00","2025/8/31 4:59",0,0,0,0,1
5227,45,4000.0,104,40,1,-1,"2025/8/20 5:00","2025/8/31 4:59",0,0,0,0,1
5228,34,6000.0,103,30,1,-1,"2025/8/20 5:00","2025/8/31 4:59",0,0,0,0,1
5229,44,6000.0,103,40,1,-1,"2025/8/20 5:00","2025/8/31 4:59",0,0,0,0,1
5230,91,5000.0,101,100,1,-1,"2025/8/20 5:00","2025/8/31 4:59",0,0,0,0,1
5231,92,5000.0,102,100,1,-1,"2025/8/20 5:00","2025/8/31 4:59",0,0,0,0,1
5232,93,5000.0,111,100,1,-1,"2025/8/20 5:00","2025/8/31 4:59",0,0,0,0,1
5233,94,5000.0,109,100,1,-1,"2025/8/20 5:00","2025/8/31 4:59",0,0,0,0,1
5234,95,5000.0,112,100,1,-1,"2025/8/20 5:00","2025/8/31 4:59",0,0,0,0,1
5235,100,5000.0,8004,100,1,-1,"2025/8/20 5:00","2025/8/31 4:59",0,0,0,0,1
5236,101,5000.0,8005,100,1,-1,"2025/8/20 5:00","2025/8/31 4:59",0,0,0,0,1
5237,81,3000.0,101,80,1,-1,"2025/8/20 5:00","2025/8/31 4:59",0,0,0,0,1
5238,82,3000.0,102,80,1,-1,"2025/8/20 5:00","2025/8/31 4:59",0,0,0,0,1
5239,83,3000.0,111,80,1,-1,"2025/8/20 5:00","2025/8/31 4:59",0,0,0,0,1
5240,84,3000.0,109,80,1,-1,"2025/8/20 5:00","2025/8/31 4:59",0,0,0,0,1
5241,85,3000.0,112,80,1,-1,"2025/8/20 5:00","2025/8/31 4:59",0,0,0,0,1
5242,351,3000.0,8004,80,1,-1,"2025/8/20 5:00","2025/8/31 4:59",0,0,0,0,1
5243,352,3000.0,8005,80,1,-1,"2025/8/20 5:00","2025/8/31 4:59",0,0,0,0,1
5244,151,2000.0,6004,80,1,-1,"2025/8/14 11:00","2025/8/20 4:59",0,0,0,0,1
5245,152,2000.0,6005,80,1,-1,"2025/8/14 11:00","2025/8/20 4:59",0,0,0,0,1
5246,131,2000.0,6004,30,1,-1,"2025/8/14 11:00","2025/8/20 4:59",0,0,0,0,1
5247,132,2000.0,6005,30,1,-1,"2025/8/14 11:00","2025/8/20 4:59",0,0,0,0,1
5248,141,2000.0,6004,40,1,-1,"2025/8/14 11:00","2025/8/20 4:59",0,0,0,0,1
5249,142,2000.0,6005,40,1,-1,"2025/8/14 11:00","2025/8/20 4:59",0,0,0,0,1
5250,151,3000.0,6004,80,1,-1,"2025/8/20 5:00","2025/8/28 23:59",0,0,0,0,1
5251,152,3000.0,6005,80,1,-1,"2025/8/20 5:00","2025/8/28 23:59",0,0,0,0,1
5252,131,2000.0,6004,30,1,-1,"2025/8/20 5:00","2025/8/28 23:59",0,0,0,0,1
5253,132,2000.0,6005,30,1,-1,"2025/8/20 5:00","2025/8/28 23:59",0,0,0,0,1
5254,141,2000.0,6004,40,1,-1,"2025/8/20 5:00","2025/8/28 23:59",0,0,0,0,1
5255,142,2000.0,6005,40,1,-1,"2025/8/20 5:00","2025/8/28 23:59",0,0,0,0,1
5256,251,2000.0,7004,80,1,-1,"2025/8/14 11:00","2025/8/20 4:59",0,0,0,0,1
5257,252,2000.0,7005,80,1,-1,"2025/8/14 11:00","2025/8/20 4:59",0,0,0,0,1
5258,231,2000.0,7004,30,1,-1,"2025/8/14 11:00","2025/8/20 4:59",0,0,0,0,1
5259,232,2000.0,7005,30,1,-1,"2025/8/14 11:00","2025/8/20 4:59",0,0,0,0,1
5260,241,2000.0,7004,40,1,-1,"2025/8/14 11:00","2025/8/20 4:59",0,0,0,0,1
5261,242,2000.0,7005,40,1,-1,"2025/8/14 11:00","2025/8/20 4:59",0,0,0,0,1
5262,251,3000.0,7004,80,1,-1,"2025/8/20 5:00","2025/8/21 23:59",0,0,0,0,1
5263,252,3000.0,7005,80,1,-1,"2025/8/20 5:00","2025/8/21 23:59",0,0,0,0,1
5264,231,2000.0,7004,30,1,-1,"2025/8/20 5:00","2025/8/21 23:59",0,0,0,0,1
5265,232,2000.0,7005,30,1,-1,"2025/8/20 5:00","2025/8/21 23:59",0,0,0,0,1
5266,241,2000.0,7004,40,1,-1,"2025/8/20 5:00","2025/8/21 23:59",0,0,0,0,1
5267,242,2000.0,7005,40,1,-1,"2025/8/20 5:00","2025/8/21 23:59",0,0,0,0,1
